free,8810.77647375017
gold,8128.161997966047
watch,8126.320348363208
galaxy,7886.522966552395
ipad,7158.782129918687
samsung,6444.003827381839
inch,6332.354506173484
sleeve,6331.500131647605
yellow,6030.516746745949
sexy,5418.129522181951
rose,5380.5303131342125
pro,5342.240298025783
red,5307.24589032035
petite,5212.813558345184
silver,5042.264987556808
pink,4926.09322478328
size,4858.00339595222
women,4839.964166645685
note,4660.606544248733
ultra,4655.203420445504
hot,4201.0038806105995
iphone,4187.961624874773
glass,4157.006961598198
knot,4133.806534354694
basicattribute,4106.496004933173
image,4106.496004933173
base,4106.496004933173
url,4106.496004933173
cotton,3991.1498541599767
large,3841.5330443228554
boys,3832.0394621482524
series,3821.3676823427118
one,3808.2303231265964
wacht,3800.1337600077327
vegan,3800.1337600077327
babydolls,3800.1337600077327
cruelty,3800.1337600077327
recycling,3800.1337600077327
gear,3800.1337600077327
blue,3754.8861502601953
background,3637.5176420777584
gluten,3637.5176420777584
paraben,3637.5176420777584
sets,3612.478550541971
white,3506.0651616067635
alloy,3480.5013781462294
alcohol,3467.442888231929
air,3467.442888231929
tab,3467.442888231929
cartoon,3413.827379504276
ruffle,3388.6436751847023
slim,3295.0833892833534
liquid,3288.7523216882128
fragrance,3288.7523216882128
starlight,3288.7523216882128
screen,3288.7523216882128
apple,3253.702733630218
zinc,3212.674161693338
anti,3210.1331017179855
dark,3184.4388730420615
rusty,3165.0413263196638
xxs,3159.8130391193786
huawei,3102.810877264925
cage,3099.9561334440227
purple,3090.500797011889
off,3014.569861600217
fashionable,3014.569861600217
tee,2971.4033759029326
steel,2943.5907419228247
stainless,2943.5907419228247
rhinestone,2905.1118380056223
gen,2899.0804155113187
talc,2899.0804155113187
matte,2899.0804155113187
fit,2839.5942263511192
shirred,2802.644354774611
fingerprint,2772.0526051623815
scratch,2772.0526051623815
green,2709.295879625552
tweezers,2683.4134977673493
magnifying,2683.4134977673493
inches,2683.4134977673493
protectors,2683.4134977673493
magic,2683.4134977673493
xxx,2683.4134977673493
honor,2683.4134977673493
woven,2671.6208888189462
flared,2644.0470126800346
viscose,2545.101255612424
color,2484.0397904944016
three,2450.7459550044273
powder,2450.7459550044273
quarter,2450.7459550044273
proof,2449.0505819307173
camis,2449.0505819307173
fits,2449.0505819307173
wearing,2449.0505819307173
waterproof,2449.0505819307173
storage,2449.0505819307173
cheeky,2449.0505819307173
ages,2449.0505819307173
transparent,2449.0505819307173
material,2391.467957106541
stand,2373.173356901746
piece,2354.201969860463
safe,2341.743020833529
fibers,2341.743020833529
forest,2341.743020833529
lettuce,2336.484496082799
trim,2336.484496082799
toe,2322.8419016368716
plunge,2322.8419016368716
golden,2311.1567135887103
set,2277.083249968999
pearls,2261.759536819872
slogan,2249.65005159924
small,2236.8127387910276
track,2194.075068224566
glossy,2189.997261940283
frame,2189.997261940283
cream,2189.997261940283
headband,2189.997261940283
blush,2189.997261940283
supports,2189.997261940283
trucker,2189.997261940283
bags,2189.997261940283
cosmetic,2189.997261940283
sand,2189.997261940283
style,2189.997261940283
lenses,2189.997261940283
stud,2189.997261940283
shell,2189.997261940283
heel,2189.997261940283
true,2189.997261940283
open,2189.997261940283
teddies,2151.036641993393
water,2133.5736286135234
resistant,2133.5736286135234
apricot,2130.811141698542
pvc,2125.2604546598704
cap,2082.0351496523094
tank,2079.395405270019
ruched,2015.7873867251994
pencil,2000.128745085997
girls,1998.8839877517078
camisole,1984.6494800673242
recycled,1977.8630747554953
khaki,1971.2134157534845
baby,1953.959787090954
collar,1948.6734293660477
length,1941.0348418372441
leather,1936.4433943552524
max,1936.4433943552524
flare,1936.4433943552524
button,1899.3399089905656
bodies,1896.1603991335635
face,1896.1603991335635
rings,1896.1603991335635
sport,1896.1603991335635
corsets,1896.1603991335635
punk,1896.1603991335635
photo,1896.1603991335635
chunky,1896.1603991335635
paste,1896.1603991335635
exotic,1896.1603991335635
palette,1896.1603991335635
linen,1896.1603991335635
elements,1896.1603991335635
love,1896.1603991335635
multiple,1896.1603991335635
nude,1896.1603991335635
text,1896.1603991335635
protector,1896.1603991335635
smudge,1896.1603991335635
bras,1896.1603991335635
puls,1896.1603991335635
demi,1896.1603991335635
push,1894.8564589435266
nail,1894.8564589435266
black,1872.4029937398345
asymmetrical,1867.3210870988282
butterfly,1857.271184769771
polyurethane,1857.271184769771
breathable,1823.0763936394744
flag,1823.0763936394744
buckle,1823.0763936394744
casual,1820.960646080412
denim,1797.244203845442
flounce,1792.1962878260754
silicone,1786.494593359984
glitter,1786.489485868878
metal,1786.489485868878
poolside,1758.5234557190827
use,1758.5234557190827
recommended,1758.5234557190827
car,1753.492026133648
hem,1732.0712792642134
cute,1719.1518869074541
ripped,1716.0162733114323
crop,1715.1263294091732
professional,1674.6887998208683
coffee,1672.0013991111935
cami,1672.0013991111935
twist,1650.5241762561127
tpu,1647.9762493441863
half,1645.6802718153529
tops,1639.4890210062404
mustard,1639.4890210062404
clear,1595.1779531516152
navy,1572.3717603530997
room,1547.8552927516416
flat,1547.8552927516416
cuticle,1547.8552927516416
mutton,1547.8552927516416
shimmer,1547.8552927516416
ankle,1547.8552927516416
glare,1547.8552927516416
train,1547.8552927516416
portable,1547.8552927516416
pinafore,1547.8552927516416
assorted,1547.8552927516416
pearl,1547.8552927516416
mouth,1547.8552927516416
precious,1547.8552927516416
outdoor,1547.8552927516416
shaped,1547.8552927516416
ivory,1547.8552927516416
blazer,1547.8552927516416
plated,1547.8552927516416
vanilla,1547.8552927516416
generation,1547.8552927516416
tassel,1547.8552927516416
blend,1547.8552927516416
coal,1547.8552927516416
nose,1547.8552927516416
without,1547.8552927516416
poly,1547.8552927516416
rimless,1547.8552927516416
lightning,1547.8552927516416
transfer,1547.8552927516416
minerals,1547.8552927516416
midnight,1547.8552927516416
return,1547.8552927516416
mermaid,1547.8552927516416
bold,1547.8552927516416
progressive,1547.8552927516416
pressed,1547.8552927516416
lavender,1547.8552927516416
hiking,1547.8552927516416
this,1547.8552927516416
woman,1547.8552927516416
point,1547.8552927516416
from,1547.8552927516416
sea,1547.8552927516416
earrings,1547.8552927516416
warm,1547.8552927516416
power,1547.8552927516416
strappy,1547.8552927516416
carborundum,1547.8552927516416
splicing,1547.8552927516416
yellowish,1547.8552927516416
lite,1547.8552927516416
feather,1547.8552927516416
rescued,1547.8552927516416
hush,1547.8552927516416
eyeliner,1547.8552927516416
needles,1547.8552927516416
cake,1547.8552927516416
pmma,1547.8552927516416
travel,1547.8552927516416
studding,1547.8552927516416
honey,1547.8552927516416
bright,1547.8552927516416
multifunctional,1547.8552927516416
pigmented,1547.8552927516416
mixed,1547.8552927516416
shine,1547.8552927516416
clip,1547.8552927516416
shawl,1547.8552927516416
highly,1547.8552927516416
added,1547.8552927516416
lizard,1547.8552927516416
toiletry,1547.8552927516416
hipsters,1547.8552927516416
five,1547.8552927516416
crochet,1547.8552927516416
gems,1547.8552927516416
aviator,1547.8552927516416
capacity,1547.8552927516416
xiaomi,1547.8552927516416
sepia,1547.8552927516416
likes,1547.8552927516416
bovine,1547.8552927516416
exaggerated,1547.8552927516416
fruit,1545.7355768809628
notched,1545.7355768809628
thigh,1529.539297317269
smocked,1514.9435125756092
knit,1483.6239235352994
rib,1483.6239235352994
halter,1481.0478983269634
chocolate,1466.7440048272451
brush,1466.7440048272451
pajama,1466.7440048272451
case,1466.7440048272451
fire,1466.7440048272451
carrot,1466.7440048272451
shaping,1466.7440048272451
tapered,1466.7440048272451
pen,1466.7440048272451
holiday,1466.7440048272451
iron,1465.056381167633
regular,1462.408681763492
heart,1456.6668728071797
line,1456.6668728071797
split,1450.7714087606664
burnt,1409.4282324692028
top,1396.6998750341145
accessories,1396.2337652673807
camel,1396.2337652673807
dinosaur,1381.272039023286
belted,1372.2146238747823
semi,1368.5673708791194
peplum,1336.1764479289404
slit,1336.1764479289404
orange,1332.2701988241483
rust,1323.0744124330015
biker,1323.0744124330015
flowers,1259.764025255458
swimsuit,1250.695880792407
round,1243.8405475497177
grommet,1237.9202087649535
printing,1237.9202087649535
art,1237.9202087649535
makeup,1237.9202087649535
spandex,1237.9202087649535
unisex,1237.9202087649535
vegetable,1235.9183398821876
bow,1218.5950799878628
pcs,1198.4723707867008
years,1165.2410314337665
grey,1128.9147758551278
party,1120.0231090052932
the,1110.4811561533409
please,1094.2494015762481
plan,1094.2494015762481
drive,1094.2494015762481
rouge,1094.2494015762481
debutante,1094.2494015762481
young,1094.2494015762481
plot,1094.2494015762481
polymer,1094.2494015762481
tpe,1094.2494015762481
envelope,1094.2494015762481
key,1094.2494015762481
dining,1094.2494015762481
almond,1094.2494015762481
lips,1094.2494015762481
youre,1094.2494015762481
scorpio,1094.2494015762481
truffle,1094.2494015762481
sandals,1094.2494015762481
promax,1094.2494015762481
wedge,1094.2494015762481
own,1094.2494015762481
cards,1094.2494015762481
removal,1094.2494015762481
memories,1094.2494015762481
foundation,1094.2494015762481
peach,1094.2494015762481
only,1094.2494015762481
damp,1094.2494015762481
topic,1094.2494015762481
chains,1094.2494015762481
night,1094.2494015762481
heavy,1094.2494015762481
virgo,1094.2494015762481
main,1094.2494015762481
bandana,1094.2494015762481
princess,1094.2494015762481
shopper,1094.2494015762481
check,1094.2494015762481
keyhole,1094.2494015762481
slingbacks,1094.2494015762481
jane,1094.2494015762481
agate,1094.2494015762481
platform,1094.2494015762481
cashew,1094.2494015762481
mary,1094.2494015762481
looking,1094.2494015762481
obsessed,1094.2494015762481
walmart,1094.2494015762481
right,1094.2494015762481
cells,1094.2494015762481
beach,1094.2494015762481
vest,1094.2494015762481
center,1094.2494015762481
nails,1094.2494015762481
rod,1094.2494015762481
sweatshirt,1094.2494015762481
fair,1094.2494015762481
checked,1094.2494015762481
periodt,1094.2494015762481
swipe,1094.2494015762481
ball,1094.2494015762481
caramel,1094.2494015762481
cancer,1094.2494015762481
lake,1094.2494015762481
pinkies,1094.2494015762481
amber,1094.2494015762481
stars,1094.2494015762481
grid,1094.2494015762481
usb,1094.2494015762481
talk,1094.2494015762481
molded,1094.2494015762481
your,1094.2494015762481
gemini,1094.2494015762481
turn,1094.2494015762481
star,1094.2494015762481
level,1094.2494015762481
stone,1094.2494015762481
countertop,1094.2494015762481
carpet,1094.2494015762481
rent,1094.2494015762481
cluster,1094.2494015762481
home,1094.2494015762481
loca,1094.2494015762481
blushing,1094.2494015762481
garden,1094.2494015762481
racks,1094.2494015762481
call,1094.2494015762481
business,1094.2494015762481
spy,1094.2494015762481
wipe,1094.2494015762481
terracotta,1094.2494015762481
sagittarius,1094.2494015762481
twinkling,1094.2494015762481
casaque,1094.2494015762481
cloak,1094.2494015762481
stickers,1094.2494015762481
foldable,1094.2494015762481
confetti,1094.2494015762481
clove,1094.2494015762481
capricorn,1094.2494015762481
sun,1094.2494015762481
forceps,1094.2494015762481
smoother,1094.2494015762481
vip,1094.2494015762481
tawny,1094.2494015762481
chantilly,1094.2494015762481
display,1094.2494015762481
contour,1094.2494015762481
sanding,1094.2494015762481
thumb,1094.2494015762481
libra,1094.2494015762481
vibes,1094.2494015762481
walnut,1094.2494015762481
sailor,1094.2494015762481
anklet,1094.2494015762481
clover,1094.2494015762481
bedroom,1094.2494015762481
vibe,1094.2494015762481
hazelnut,1094.2494015762481
apricont,1094.2494015762481
eyebrow,1094.2494015762481
office,1094.2494015762481
takes,1094.2494015762481
alligator,1094.2494015762481
cutie,1094.2494015762481
function,1094.2494015762481
primp,1094.2494015762481
gun,1094.2494015762481
cubic,1094.2494015762481
taurus,1094.2494015762481
aquarius,1094.2494015762481
boxed,1094.2494015762481
risky,1094.2494015762481
habits,1094.2494015762481
radiant,1094.2494015762481
spiked,1094.2494015762481
float,1094.2494015762481
kickstand,1094.2494015762481
bouquet,1094.2494015762481
fireworks,1094.2494015762481
tap,1094.2494015762481
guts,1094.2494015762481
led,1094.2494015762481
zombie,1094.2494015762481
wake,1094.2494015762481
protection,1094.2494015762481
nutmeg,1094.2494015762481
strike,1094.2494015762481
close,1094.2494015762481
deal,1094.2494015762481
protective,1094.2494015762481
dreamz,1094.2494015762481
yards,1094.2494015762481
cord,1094.2494015762481
crystal,1094.2494015762481
hook,1094.2494015762481
sling,1094.2494015762481
nap,1094.2494015762481
chestnut,1094.2494015762481
overall,1094.2494015762481
cappuccino,1094.2494015762481
disco,1094.2494015762481
rule,1094.2494015762481
lip,1094.2494015762481
insert,1094.2494015762481
antique,1094.2494015762481
tan,1094.2494015762481
colour,1094.2494015762481
zirconia,1094.2494015762481
pisces,1094.2494015762481
scissors,1094.2494015762481
mahogany,1094.2494015762481
gorgeous,1094.2494015762481
pie,1094.2494015762481
lights,1094.2494015762481
onn,1094.2494015762481
cover,1094.2494015762481
closure,1094.2494015762481
stage,1094.2494015762481
name,1094.2494015762481
plumping,1094.2494015762481
bottle,1094.2494015762481
tcl,1094.2494015762481
thats,1094.2494015762481
included,1094.2494015762481
suede,1094.2494015762481
special,1094.2494015762481
scissor,1094.2494015762481
suit,1094.2494015762481
clarity,1094.2494015762481
beauty,1094.2494015762481
breaker,1094.2494015762481
read,1094.2494015762481
clay,1094.2494015762481
living,1094.2494015762481
effect,1094.2494015762481
teeth,1094.2494015762481
net,1094.2494015762481
eyeshadow,1094.2494015762481
library,1094.2494015762481
custom,1094.2494015762481
correct,1094.2494015762481
leo,1094.2494015762481
ritual,1094.2494015762481
rubber,1094.2494015762481
eyes,1094.2494015762481
drill,1094.2494015762481
earthy,1094.2494015762481
fierce,1094.2494015762481
butterscotch,1094.2494015762481
russet,1094.2494015762481
film,1094.2494015762481
slides,1094.2494015762481
sandalwood,1094.2494015762481
character,1094.2494015762481
pockets,1094.2494015762481
sterling,1094.2494015762481
bitten,1094.2494015762481
cottage,1094.2494015762481
ancient,1094.2494015762481
aries,1094.2494015762481
moon,1094.2494015762481
frost,1094.2494015762481
wheat,1094.2494015762481
iphonexsmax,1094.2494015762481
erasable,1094.2494015762481
sapphire,1094.2494015762481
real,1094.2494015762481
earth,1094.2494015762481
stirring,1094.2494015762481
duty,1094.2494015762481
charging,1094.2494015762481
devoted,1094.2494015762481
bottom,1091.9958924939895
boat,1091.9958924939895
gym,1091.9958924939895
rainbow,1091.9958924939895
cuff,1091.9958924939895
tpr,1091.9958924939895
lightweight,1091.9958924939895
minimalist,1091.9958924939895
chevron,1091.9958924939895
belly,1091.9958924939895
big,1091.9958924939895
fitness,1091.9958924939895
petal,1090.2384296151051
tunic,1090.2384296151051
violet,1088.217727312786
light,1076.9381529972936
micro,1005.8565646111917
shoulder,987.9005786327209
royal,984.9015888757694
mocha,984.7957850996623
watermelon,984.7957850996623
random,972.2115942492356
olive,944.7139042227684
eur,904.6265704913479
hat,889.565473970407
sports,889.565473970407
couple,889.565473970407
arm,889.565473970407
comfortable,889.565473970407
eva,889.565473970407
multi,889.565473970407
copper,885.8583024978965
multicolor,874.227359428555
slight,851.5561588278093
strapless,845.3395298946515
smartwatch,840.9933901829103
eye,840.9933901829103
wide,818.619965351329
long,801.1198918830997
redwood,788.8776400962321
marble,788.8776400962321
elegant,784.1434712180289
batwing,774.0478390531538
pant,768.6134380225697
dusty,751.4393239478669
neck,748.5141831923636
mini,731.8972185092239
wrap,719.2586773897934
patched,707.802882808835
strap,696.8139164369114
leg,677.0243493366545
peel,628.5869939845572
snakeskin,628.5869939845572
fantasy,628.5869939845572
bronze,628.5869939845572
basic,628.5869939845572
type,628.5869939845572
golf,628.5869939845572
cargo,628.5869939845572
bride,628.5869939845572
fake,628.5869939845572
polish,628.5869939845572
sweatpants,628.5869939845572
smaller,628.5869939845572
tennis,628.5869939845572
layered,628.5869939845572
blouse,621.601431992676
figure,619.3814712749186
beige,606.2920468262603
lilac,576.9900367338853
midi,559.8824326548602
thongs,539.4300978666221
claw,538.4670093479326
raglan,538.4670093479326
hair,538.4670093479326
bands,506.4847656252432
bishop,506.4847656252432
boho,495.2683620120453
late,484.43742772377266
fitted,484.43742772377266
valentines,484.43742772377266
tempered,484.43742772377266
compartment,484.43742772377266
non,466.95167213506454
army,466.2024194566596
teal,455.9830344519623
eyelet,455.9830344519623
puff,454.2439594027834
sheer,439.68108323069276
knee,435.5401570668527
knitted,435.53393713816683
street,418.72917042953696
scallop,417.4626850226478
tummy,407.3401053917706
bodysuits,407.3401053917706
family,407.3401053917706
plus,386.7896029100126
brown,365.4770671125724
ring,361.5877074134372
shirt,360.2420058052345
vacation,357.4004655907361
draped,357.4004655907361
unlined,355.70254908213394
gray,350.5545796811002
raw,272.5585478966179
paisley,272.5585478966179
abs,239.63222476494167
bodycon,215.4852740919659
elastic,215.4852740919659
spaghetti,211.71624459539942
pants,205.57458730382024
drop,193.86970417461475
mesh,63.43160624513673
quality,-4.2445757570885965
simple,-4.2445757570885965
jackets,-4.2445757570885965
leaf,-4.2445757570885965
neckline,-4.2445757570885965
acetate,-4.2445757570885965
rechargeable,-4.2445757570885965
preppy,-4.2445757570885965
monokinis,-4.2445757570885965
pinknude,-4.2445757570885965
core,-4.2445757570885965
choker,-4.2445757570885965
kerchief,-4.2445757570885965
washed,-4.2445757570885965
label,-4.2445757570885965
great,-4.2445757570885965
buttons,-4.2445757570885965
porcelain,-4.2445757570885965
dynamic,-4.2445757570885965
sweatproof,-4.2445757570885965
sleeves,-4.2445757570885965
coated,-4.2445757570885965
sleep,-4.2445757570885965
hard,-4.2445757570885965
wedding,-6.0054769523042495
control,-6.0054769523042495
wood,-6.0054769523042495
pet,-6.0054769523042495
wired,-6.0054769523042495
birthday,-6.0054769523042495
smock,-7.358537928064029
ear,-7.358537928064029
sky,-7.358537928064029
day,-7.358537928064029
lift,-7.358537928064029
lyocell,-8.500793784581417
paperbag,-8.500793784581417
paper,-9.50852711580968
aluminum,-9.50852711580968
extra,-10.42084212067934
gingham,-10.42084212067934
butt,-11.260957965995903
christmas,-11.260957965995903
pieces,-12.043996481221232
coral,-12.043996481221232
pack,-12.043996481221232
layer,-14.14233095574695
tiered,-14.777988364191044
knitwear,-15.388511073613673
skirt,-20.102342799945273
mauve,-20.563703989984624
tropical,-21.89432219863897
triangle,-26.979198035784243
shorts,-48.087560158061606
polyester,-85.98836785583606
detergent,-125.93131239736563
pocket,-127.09151663166571
fall,-143.37435410326052
frill,-162.68080629720177
for,-168.13680638897623
tribal,-188.82276323640508
with,-206.7549858165611
cases,-244.41228559458386
oversized,-244.41228559458386
teen,-265.89960324879104
lime,-265.89960324879104
deep,-265.89960324879104
bottoms,-279.5159045773069
tape,-316.00731367717447
stripe,-316.00731367717447
spring,-381.6064217426174
plastic,-396.84769417841864
fabric,-411.0727568009768
loose,-412.37641128011
soft,-434.79051352669427
decoration,-484.26769636345614
letter,-491.3275715356563
pan,-497.86914937969976
hollow,-497.86914937969976
show,-497.86914937969976
nylon,-497.86914937969976
cowl,-497.86914937969976
maxi,-497.86914937969976
strong,-497.86914937969976
patchwork,-497.86914937969976
peter,-497.86914937969976
sweet,-497.86914937969976
dot,-506.3227665059559
polka,-506.3227665059559
rise,-598.057284658202
mouldless,-599.5119526658772
drying,-638.9864111644489
quick,-638.9864111644489
men,-645.5132758087481
cold,-645.5132758087481
leopard,-661.4130131521988
square,-663.1392597312661
sleeveless,-699.5574185090438
sequin,-704.8988101853574
plaid,-736.7287630370522
ditsy,-759.0808294709811
bust,-771.4314312625238
lapel,-771.4314312625238
low,-777.0206160077355
zebra,-785.6150255917325
champagne,-813.7126769140765
skort,-813.7126769140765
zipper,-870.8187578266214
sweetheart,-881.0909032661367
front,-885.1576870939753
belts,-904.2825498265352
four,-904.2825498265352
modal,-904.2825498265352
xxxl,-904.2825498265352
fly,-905.1185701912557
bean,-926.3242557614357
cadet,-926.3242557614357
roll,-926.3242557614357
straight,-977.7399999548993
dog,-999.1675534243531
lined,-1029.3389285824185
work,-1051.3109013585656
cropped,-1077.8297727324718
xxxs,-1100.2507694093904
chalkboard,-1100.2507694093904
wrapped,-1100.2507694093904
adhesive,-1100.2507694093904
month,-1100.2507694093904
self,-1100.2507694093904
creamy,-1100.2507694093904
magnet,-1100.2507694093904
toned,-1100.2507694093904
zip,-1100.2507694093904
robe,-1100.2507694093904
baseball,-1100.2507694093904
faux,-1100.2507694093904
funky,-1100.2507694093904
groomsman,-1100.2507694093904
horoscope,-1100.2507694093904
items,-1100.2507694093904
pile,-1100.2507694093904
friendship,-1100.2507694093904
petals,-1100.2507694093904
volume,-1100.2507694093904
super,-1100.2507694093904
enhancers,-1100.2507694093904
heap,-1100.2507694093904
tighten,-1100.2507694093904
detail,-1100.2507694093904
tote,-1100.2507694093904
bracket,-1100.2507694093904
liner,-1100.2507694093904
anne,-1100.2507694093904
breast,-1100.2507694093904
cola,-1100.2507694093904
stockings,-1100.2507694093904
dust,-1100.2507694093904
letters,-1100.2507694093904
cosmic,-1100.2507694093904
polyvinyl,-1100.2507694093904
waterfall,-1100.2507694093904
saddle,-1100.2507694093904
kiss,-1100.2507694093904
queen,-1100.2507694093904
mistle,-1100.2507694093904
cherry,-1100.2507694093904
blackboard,-1100.2507694093904
sauna,-1100.2507694093904
bamboo,-1100.2507694093904
sleepsuit,-1100.2507694093904
pullovers,-1100.2507694093904
messenger,-1100.2507694093904
pouches,-1100.2507694093904
lycra,-1100.2507694093904
fiber,-1100.2507694093904
bass,-1100.2507694093904
greenish,-1100.2507694093904
bestie,-1100.2507694093904
vinyl,-1100.2507694093904
houndstooth,-1100.2507694093904
tweed,-1100.2507694093904
initial,-1100.2507694093904
groom,-1100.2507694093904
pride,-1100.2507694093904
conch,-1100.2507694093904
fur,-1100.2507694093904
zodiac,-1100.2507694093904
chloride,-1100.2507694093904
thanksgiving,-1100.2507694093904
bridesmaid,-1100.2507694093904
others,-1100.2507694093904
pads,-1100.2507694093904
jersey,-1100.2507694093904
innocence,-1100.2507694093904
gaming,-1100.2507694093904
lock,-1100.2507694093904
nursing,-1100.2507694093904
ginger,-1104.0068463985979
longline,-1108.2754624580023
metallized,-1108.2754624580023
fibres,-1108.2754624580023
bikinis,-1137.7166726518722
polo,-1187.7629473657585
maroon,-1253.820101354595
halloween,-1267.8719073029645
acrylic,-1276.9632592762564
appliques,-1280.6057094968166
bag,-1313.942099362398
other,-1313.942099362398
running,-1347.909449250846
burgundy,-1367.7041156996368
mid,-1420.5281302238886
geometric,-1425.896141519709
backless,-1434.472896060299
skinny,-1462.5039855795897
beaded,-1480.1757264831722
novelty,-1480.1757264831722
trunks,-1480.1757264831722
jogger,-1480.1757264831722
bralettes,-1483.0124400880009
scoop,-1501.413850853998
graphic,-1501.413850853998
single,-1502.6875739137588
breasted,-1502.6875739137588
none,-1507.744181718619
cross,-1525.7868686636891
capris,-1536.641197845697
camo,-1536.641197845697
ocelot,-1556.344444265819
brim,-1556.344444265819
deer,-1556.344444265819
claus,-1556.344444265819
owl,-1556.344444265819
rope,-1556.344444265819
munchkin,-1556.344444265819
sporty,-1556.344444265819
brushes,-1556.344444265819
huahua,-1556.344444265819
organza,-1556.344444265819
festival,-1556.344444265819
sheepdog,-1556.344444265819
flamingo,-1556.344444265819
shaded,-1556.344444265819
snowman,-1556.344444265819
feiyun,-1556.344444265819
robes,-1556.344444265819
napoleon,-1556.344444265819
frise,-1556.344444265819
hammer,-1556.344444265819
calico,-1556.344444265819
tree,-1556.344444265819
prosperity,-1556.344444265819
box,-1556.344444265819
collie,-1556.344444265819
sleepshirts,-1556.344444265819
santa,-1556.344444265819
pug,-1556.344444265819
beagle,-1556.344444265819
curved,-1556.344444265819
fubao,-1556.344444265819
elk,-1556.344444265819
kitten,-1556.344444265819
organizer,-1556.344444265819
german,-1556.344444265819
lucky,-1556.344444265819
english,-1556.344444265819
sphynx,-1556.344444265819
tabby,-1556.344444265819
cooling,-1556.344444265819
mould,-1556.344444265819
menglan,-1556.344444265819
border,-1556.344444265819
bichon,-1556.344444265819
maltese,-1556.344444265819
metallic,-1556.344444265819
coverage,-1556.344444265819
school,-1556.344444265819
pur,-1556.344444265819
building,-1556.344444265819
nightgowns,-1556.344444265819
labrador,-1556.344444265819
cats,-1556.344444265819
brand,-1556.344444265819
duck,-1556.344444265819
headset,-1556.344444265819
dad,-1556.344444265819
dachshund,-1556.344444265819
dancing,-1556.344444265819
old,-1556.344444265819
block,-1556.344444265819
irregular,-1556.344444265819
yorkshire,-1556.344444265819
glamorous,-1556.344444265819
getting,-1556.344444265819
parrot,-1556.344444265819
shorthair,-1556.344444265819
baroque,-1556.344444265819
music,-1556.344444265819
rich,-1556.344444265819
american,-1556.344444265819
thighs,-1556.344444265819
adult,-1556.344444265819
koala,-1556.344444265819
flap,-1556.344444265819
belt,-1562.7292573988836
sweat,-1562.7292573988836
unitard,-1562.7292573988836
absorbs,-1562.7292573988836
satin,-1570.576123686502
lace,-1593.8414036596926
