love this,338253.3301115862
cute and,264122.0119136859
super cute,244093.20159867208
love the,221118.45363223893
true size,158293.8325721283
very cute,150184.58682110524
like the,128598.90781382666
good quality,123787.51682647901
love love,79210.23990778298
just like,74918.3059452283
the picture,71237.62246533635
this shirt,69052.12456736257
and the,68279.84948897977
very nice,67888.4899013383
the color,66869.72623271913
the material,56617.61593218743
for the,51488.470158088945
cute love,47995.851376405844
perfect for,46947.930225750395
love these,44922.50257160505
they are,44650.48792361601
and comfortable,39594.32261714599
and fits,39036.97127752144
great quality,38983.921236400034
very comfortable,38411.56302970427
very good,34208.51812576256
love them,33379.60196134345
fits perfectly,31876.762759594894
soft and,29307.0530925198
these are,28500.78125
quality and,28226.487320569828
absolutely love,27677.90355298138
nice and,27500.010895885054
this top,27338.897454160608
fits well,25357.10407898992
comfortable and,24592.837896594756
really cute,24443.924416911235
and very,23285.608388525154
and good,22585.947248012697
fits great,21662.434675173976
the price,21506.40078714465
good material,16921.269358366397
and cute,16704.497457095727
color and,16562.326426838426
the quality,15957.295771129271
size and,15808.2790390978
and love,15800.969234747388
looks just,15746.778477327993
and fit,14918.424920572184
see through,14830.929081206095
and comfy,14710.04560508785
material and,14300.084529695141
but still,14277.336484289426
and looks,14043.584018856596
can wait,13710.955106328985
and great,13394.38345511303
exactly like,13190.853447818234
please like,13059.597909560844
for summer,12986.267182624677
highly recommend,12769.928935947291
great for,12637.118792616793
love much,12525.590490858649
the fit,12448.001289763977
the colors,12273.79972591848
loved this,12259.81400503603
very pretty,12211.508462990809
fit perfectly,12144.06501259491
with this,11984.686174560547
this dress,11757.206090545304
definitely recommend,11732.989311979649
really nice,11712.324132526637
this one,11630.14784290193
with the,11617.622082730306
wait wear,11413.191863438977
fits perfect,11204.16545108349
and true,10869.481717266926
perfect fit,10637.2421953962
good and,10505.561837799778
nice material,10354.527378503532
they fit,10310.01461726428
really good,10298.325169758591
very well,10288.286180304038
the shirt,10118.26226175096
and they,9616.228011478825
great material,9568.695080925307
the top,9453.154186573136
very satisfied,9450.782252258323
very soft,9445.509838214852
this for,9392.19001528414
buy again,9226.322370248297
like this,9127.3773629675
this cute,8993.78544121647
comfy and,8734.199334814284
well and,8660.30588307975
the fabric,8587.661915533832
great fit,8393.15179178835
and soft,8267.064550298483
fit and,8151.777151873875
great and,7970.609649473193
thank you,7880.893553901156
would recommend,7811.42417878677
are cute,7690.531729867269
and nice,7505.664634298825
loved the,7499.130790988205
you can,7489.24921459185
than expected,7437.859668858309
looks good,7218.231841082425
pretty and,7118.4589045236935
beautiful and,6935.416475869848
happy with,6925.470304552645
this outfit,6908.253223192146
looks great,6811.987794150124
this was,6747.368887171008
the way,6733.081371450162
really like,6663.844761864593
all the,6623.697904241283
cute top,6512.339683157281
the photo,6251.323801798512
the best,6223.74036475955
and perfect,6168.221384418498
but the,6031.418001394378
are very,6004.531331277013
fits good,5997.287714511939
fit perfect,5940.496632772037
this item,5934.260677245924
fit well,5780.488715093741
fit great,5778.738610395241
good for,5763.599190631849
not too,5713.433155970731
love how,5672.220366119266
many compliments,5653.003453917218
cute for,5583.638821396391
love with,5539.014279426648
colors are,5469.122054702269
good good,5352.813839467986
cute fits,5335.406268687329
big but,5329.918975453594
and super,5266.50355506505
very sexy,5137.511377538822
perfect and,5043.728272847634
cute but,5028.944980751604
cute shirt,5015.503913178175
little big,4990.871820913345
soft material,4942.687862535082
such cute,4940.054830178058
nice quality,4871.043638261757
and not,4866.420519610303
just pictured,4866.273512892605
this set,4757.164657539968
bathing suit,4728.445508439539
super soft,4722.494261863462
satisfied with,4685.99663892325
looks like,4635.531066930688
for work,4603.806520995275
sexy and,4553.028492577809
looks exactly,4543.6949696058155
but cute,4537.080883184632
well made,4527.55032192495
perfectly and,4519.044153133605
from shein,4454.940988528087
very beautiful,4371.487879546494
cute just,4271.468231572527
would definitely,4259.010710468343
fits true,4241.023497283561
very comfy,4211.815610566312
this much,4008.3990648069334
perfect size,4001.1124683786866
fits very,3992.4622733286496
love and,3976.7747381071335
and sexy,3976.58785895647
and was,3962.782180701313
really love,3937.12992717945
got this,3876.390751242409
exactly pictured,3824.937883513154
like picture,3814.316158087339
but not,3808.2540015694826
the summer,3783.6175612765096
they look,3762.0579089302873
this very,3760.281275932862
and stretchy,3718.831445569628
this product,3664.3138584867347
would buy,3642.943864513973
this the,3528.1694871263335
wear this,3510.5625
super comfortable,3496.2445047694823
was very,3492.818670666958
the pictures,3482.6409737817326
very much,3480.887830620473
and will,3475.497087338495
not see,3461.5548476356958
super comfy,3430.1749955359423
light weight,3416.087975049631
worth the,3398.3003896744526
will definitely,3353.3036823715943
this fits,3326.1826474453665
fit good,3286.184818203116
cute the,3239.6004737079866
the size,3186.033343662001
you have,3133.1447864987913
nice fit,3123.596031651624
the perfect,3123.596031651624
nice shirt,3118.545208091792
was perfect,3116.0231183471783
will buy,3108.835050830438
but they,3100.901335806348
bought this,3095.1726119866025
quality for,3057.714833779792
really well,3050.9975221530963
very happy,3043.3929057065034
fit very,3039.5872778032317
small but,3037.046915360659
but overall,3037.0340734786496
but love,2992.633456470185
the same,2940.6775861038445
exactly what,2936.951690958338
size down,2926.0080976524723
material very,2925.605207561074
material soft,2871.7768317591413
very very,2861.034536349014
recommend this,2807.2404599535107
the design,2795.4614172615993
with purchase,2793.7211830783126
cant wait,2768.1708987159723
nice love,2751.5813778294355
stretchy and,2738.1317737445747
love very,2737.026672335537
are super,2732.728621551657
shirt and,2726.2452704922785
and easy,2716.0714285714284
and just,2636.559370183042
these pants,2630.2442488507486
very flattering,2622.469191830565
the beach,2615.8828291506884
just right,2599.1636306089317
great product,2591.473713017973
the cutest,2584.680847565059
and has,2572.018504563538
love fits,2570.8977041669714
bought for,2558.271823262359
one favorite,2517.12369879311
got many,2509.4987558029084
picture and,2500.9702440782266
and pretty,2489.5024311089464
and flattering,2482.4423630814686
high quality,2477.4710182268223
the back,2445.4783304276975
size love,2441.9336778374063
but very,2440.2136926244066
still cute,2422.2667776787075
expected but,2415.8159891881296
and really,2409.416465392337
and material,2408.6366234415236
and got,2404.370077394943
for points,2388.5596897093337
great price,2375.036935513834
good fit,2356.7532145487176
sooo cute,2348.098103469612
fits really,2315.2549433083964
loved them,2308.814722367783
every color,2302.4279474152227
and quality,2276.338322881947
quality love,2275.4597337681016
little bit,2266.703600889564
look good,2265.1894609762
fits nice,2262.934486815761
different colors,2256.6398028927874
material great,2255.983257966972
shirt fits,2249.6013972096666
and this,2237.8405106753053
cute looks,2231.9763322728327
like for,2184.6346539933334
and can,2159.0086627233077
nice color,2152.0598245337173
definitely buy,2145.830984191617
looks cute,2145.3076923076924
better than,2126.516314003006
this blouse,2113.3773057274075
these for,2113.1428571428573
quality good,2087.534453939753
than thought,2080.2675196637274
cute very,2074.690339809187
cute little,2071.235794764595
looking for,2069.8784206567734
great love,2036.5460972373887
was cute,2028.6262469305304
really really,2017.5626399720977
super sexy,1992.4219180130704
pretty good,1986.945345808212
cute loved,1979.773978586775
this super,1973.5774877110855
other colors,1968.1231807347463
material good,1954.7928536366535
and color,1942.6133403387591
shirt very,1931.7723176982192
the pic,1914.0404184353724
easy use,1906.1426310906932
love shein,1904.9149604251663
size for,1868.8252951002555
fit true,1861.7733760842386
more colors,1847.5206602058988
cute fit,1843.8999378739943
quality very,1825.5410174548958
was little,1824.9406815642174
the product,1822.388178387709
got for,1809.6449436521768
colors and,1801.4417303072303
amazing and,1782.2802809883747
are perfect,1776.248858340733
apple watch,1769.7008136630095
size but,1756.8819989654314
really pretty,1755.1431583349547
perfect love,1746.2747617783868
top and,1742.588675258519
them for,1737.1001933570228
cute got,1728.9559064116672
wear them,1726.2770338261262
the style,1724.5859486460847
are great,1722.4351128912826
love that,1722.031070247152
the sleeves,1720.6180040292131
them they,1712.1423214885665
bigger than,1707.7692307692307
need points,1706.6458632546187
these shorts,1704.4887003819445
this color,1698.7593103882825
easy put,1676.4062402511336
amazing quality,1674.2822342723464
excellent quality,1674.2822342723464
wear with,1657.002129117709
love cute,1656.5023392678925
like them,1645.3632671303676
around the,1645.362954286044
can wear,1644.4717681451436
this fit,1639.7572431084213
hermoso hermoso,1621.132937176961
the right,1616.6353968195797
good product,1609.511762704987
loves them,1609.511762704987
and beautiful,1597.7233825810954
you want,1597.5133868849412
quality the,1586.2700206999527
than the,1565.0299200342495
little small,1558.7802992693917
quality material,1551.4150273078194
will order,1546.713221709115
comes with,1544.6963962286372
but fits,1540.2936292427214
the shorts,1524.2551267516117
son loves,1516.5645386860397
and she,1505.2043447329618
beautiful color,1505.2043447329618
and feels,1503.1726651401327
the dress,1503.1726651401327
thin but,1496.2379489907346
could have,1494.7257849682007
the bottoms,1494.6551221154443
like need,1484.4279046910133
material but,1481.6207341961708
and look,1466.1631764077333
cute true,1465.1583532164707
and stylish,1465.1583532164707
they were,1460.5303166022559
what was,1454.0268432222326
for daughter,1443.864441541326
and would,1440.1191289729481
soooo cute,1436.9718588326368
for son,1416.5759928356335
this skirt,1416.5759928356335
for this,1405.8838988027255
sized down,1405.798991676975
very stretchy,1398.8222786782933
shirt cute,1381.8284329763294
just what,1376.6237876164928
look great,1375.7045411337872
these they,1375.7045411337872
top fits,1375.7045411337872
buy more,1369.8029518818123
looks nice,1364.3993688782166
and light,1359.9816871538894
for vacation,1358.6243071815388
looks very,1354.8593273814374
yet but,1353.5156127967298
this great,1353.1788972637726
and its,1351.4548682325894
highly recommended,1347.5340440968457
loves this,1342.0450842390062
beautiful love,1331.0
are the,1323.0
looks really,1320.7414286149437
material nice,1320.1345121165875
are good,1320.1345121165875
just the,1318.481122575608
but was,1316.59779866171
this swimsuit,1315.5721663975717
light and,1309.5308503429767
order again,1305.4131559365824
for baby,1304.3239476132685
pretty love,1303.7147430122668
this and,1284.1006460674216
too big,1269.910689820684
was great,1266.5983451749808
nice for,1265.8181818181818
are beautiful,1260.174594441015
feel like,1259.0983812896566
new favorite,1255.4847993109327
through but,1248.6383561147327
shirt the,1245.4004207482828
fits just,1244.4545454545455
the waist,1239.4159725532563
flattering and,1234.295562896248
but like,1233.5094976011612
the look,1228.3591222982525
with these,1227.9144278431063
with jeans,1223.2727272727273
love all,1222.651682513109
these glasses,1218.2489987481292
cute would,1218.2489987481292
husband loves,1217.1869207315694
comfortable wear,1217.1869207315694
cute perfect,1217.1869207315694
the time,1216.5455284948291
got the,1211.697781502727
lots compliments,1206.648307474483
them much,1201.2064768390153
are really,1196.0134831632947
shirt love,1195.926422808665
bit big,1195.4326441362837
size very,1180.4944675999916
comfortable love,1180.0402573003844
dress down,1175.4817295943692
love everything,1174.853242048077
very light,1170.532310855323
loved much,1169.4575665666541
great with,1169.4575665666541
material love,1169.4575665666541
great color,1164.225067986672
super nice,1153.9673784498052
such good,1153.6897329871667
little tight,1153.2085196371816
this purchase,1148.4811748605239
its cute,1140.3636363636363
fit just,1139.0768529485078
good love,1137.9934094712498
this bathing,1123.4567959711637
and are,1122.648975955657
good price,1122.3689233046325
cute good,1107.0978862457148
exactly described,1098.3988385586579
works great,1097.2568208826278
omg love,1096.6153139496962
cute can,1092.433690628888
well with,1091.6193184272786
cute cute,1091.336794944622
the front,1089.0383663081568
fast shipping,1086.6909893370362
love super,1086.2251190917075
get this,1084.803561683801
but super,1084.5819509531464
order more,1076.2136140744856
absolutely loved,1075.929830425758
will ordering,1073.7582343166043
but this,1072.6891472271673
quality great,1070.8426632488838
pls like,1062.668945627
amazing love,1060.5960588272992
must have,1060.3636363636363
goes with,1055.5335189011334
and loved,1055.5335189011334
shirt for,1046.44669031713
look just,1046.44669031713
perfectly love,1045.3358312044986
fabric and,1041.7645787316826
you are,1041.3145572510052
you should,1040.8181818181818
them and,1035.9849100951974
this suit,1035.3323873910988
material not,1033.7727658372808
can dress,1030.4371713748214
and like,1026.6092882059029
smaller than,1023.381225026396
measurements are,1019.6932153469776
fits like,1019.2616105638584
color the,1017.2596425337382
this really,1016.1579059911195
are little,1015.4094435389939
fits nicely,1015.326435895654
top for,1013.0112138067602
adorable and,1010.0495085905055
well love,1010.0495085905055
pretty color,1005.7926432031084
the pants,1003.8772833369625
watch band,1000.2903472723077
bottoms are,996.5227719608299
buy this,986.1678924754814
other than,985.3730295717493
definitely worth,985.0375627355538
the pattern,983.085594297
was super,978.7259914662945
but good,975.9000729485332
look like,975.3926804722706
these much,975.2359501248104
size the,972.5254354972294
shorts are,963.4790513306147
are nice,956.4796614968574
lot compliments,955.3392067742222
and breathable,955.3392067742222
obsessed with,952.4149392034495
but will,947.1390723720531
wore this,946.3102387489872
what wanted,937.2544300597713
this summer,936.2304922685788
fit love,935.7430257871434
from the,934.3600891087991
when you,932.5048082403138
was the,926.107449990859
like photo,924.145330882861
but looks,922.0005231027636
sleeves are,920.5746178983234
and you,918.2243786372749
wear the,917.9477539312182
this looks,917.0262744975261
this perfect,911.6626714583703
cute with,911.3638131942698
cute great,907.0466282714389
this piece,907.0466282714389
recommend buying,907.0466282714389
bright and,906.5544719024423
cute like,906.5544719024423
she loves,902.5
looks amazing,897.1598715120658
material fits,892.0762358892304
for sure,889.2596735432746
material feels,889.0669316359547
for mom,887.8901140911834
shirt was,887.8830842020368
you shein,887.3686767184498
are pretty,886.8100134752651
short but,884.9740598110556
was looking,883.6
the length,881.2335901172158
cannot wait,879.2148612695464
absolutely beautiful,872.9949428334427
year old,872.4796813637113
wait use,870.8301458132595
what needed,870.6369501859695
this beautiful,868.0846732894206
these and,853.8149682454624
same the,850.2444964265889
loved these,849.1107177447539
than that,848.380959258587
and have,848.1042264050769
pants are,845.2686949524788
good fabric,844.4833769311529
was good,842.1994777937348
with everything,839.9308727316445
and works,839.6243207530378
must buy,835.4512094696227
top love,834.9467115397911
the job,831.0424651889749
small and,830.3295946001141
that the,823.9612485611412
swim suit,822.4303937582315
you get,820.9267505263364
and simple,820.8623582769252
fit nice,816.9887691615902
picture love,811.4819776187269
love true,811.4819776187269
everything about,811.4819776187269
color very,806.8581110478077
size fits,803.0153923992414
and feel,802.3123953768139
works well,802.3123953768139
love just,802.3123953768139
ordering more,800.1418305398062
not bad,798.7326131028095
soo cute,798.1167153130775
really liked,797.8426536604821
love good,797.5311906126306
wear and,790.3686903380388
got these,789.2720696946016
cute color,789.1227999989995
style and,789.1227999989995
lightweight and,788.4162490830473
the bottom,786.8201072156717
top the,786.741548509384
top cute,784.8687377414589
fit really,784.8687377414589
the first,783.0436675217427
the outfit,780.6827412932806
and style,779.6068524868444
the item,778.3012841367338
buying more,774.6013064203067
have sized,773.8873654555711
love looks,770.1875878346426
just love,769.8727167525811
are amazing,769.8727167525811
absolutely adorable,769.8727167525811
material was,765.5787208235204
fits amazing,765.330655184219
fit the,763.0389930104286
cute outfit,761.5818698238846
how fits,760.8680477234615
tight but,757.385794531586
top very,757.385794531586
fabric soft,756.482604581548
sexy love,756.1659870689767
came with,754.0330505155866
just described,753.2583207811826
little see,753.2583207811826
design and,752.1721273025936
stylish and,751.6515229178758
purchase again,742.5415813272681
the pink,741.2693593815239
material true,738.0548841706778
cute will,738.0548841706778
soft fabric,733.6485469734064
loves these,733.6485469734064
gift for,733.6485469734064
look and,729.320199186322
super good,729.0
but its,728.3273645827129
for and,726.1398215247807
thought but,725.0675670199199
big for,723.8733249706243
too tight,723.0850629997368
such great,720.1633097923584
cute dress,715.8637889191731
and well,715.8637889191731
and lightweight,715.5417527999326
color love,715.5417527999326
cute they,711.6403668741016
like that,710.5460965476827
super super,708.7718328990727
are comfortable,707.4908249877594
and how,706.7617668790178
cute definitely,706.7617668790178
super stretchy,703.1056182513881
but you,702.7640073310528
pleased with,702.1673589679315
and elegant,702.1673589679315
quality true,702.1673589679315
crop top,702.0982414121684
this belt,698.2972487551757
for any,697.7650123788094
should have,696.6641166506076
top was,695.894087942018
this nice,694.1774650196998
feels good,694.1774650196998
recommend you,693.4444444444445
these were,688.9
excited wear,688.877347573572
not the,687.8816670611217
material super,686.1520222961886
nice top,685.0387465956575
outfit for,684.503478923393
the photos,682.2422923379534
and makes,676.7154796703943
will buying,676.0
thought would,669.1188305779193
color beautiful,667.0646164590396
one the,665.7752078975159
the most,665.2928353876823
like glove,663.8188220978889
for boyfriend,662.8823519298127
comfy love,662.5526394181824
love great,662.5526394181824
screen protector,658.7777777777778
price and,658.2362896308688
too cute,657.8591625703618
stretchy material,656.6261453344987
cute set,656.0545921697193
them all,652.2732661953144
they have,650.6692290651018
quality would,649.5190528383289
size good,649.5190528383289
good the,646.9069356045994
like review,645.7764319019392
nice fabric,645.231751510955
fit for,644.9027101958694
one for,641.7777777777778
because the,641.1082450087363
wearing this,641.0282425854634
this too,637.8524946083136
get more,637.8524946083136
well the,636.905831706335
quality will,636.905831706335
nice good,636.5720697611544
totally recommend,636.5720697611544
for little,632.3140148164781
dress and,632.3140148164781
much and,628.140279337598
great shirt,628.140279337598
that they,620.0349038975805
great buy,619.483666865813
this such,619.483666865813
thick material,619.2522001223102
high waisted,616.0981345470907
also very,615.3399169023031
cute not,612.2354122394424
watch perfectly,610.9402589451771
these fit,608.4444444444445
but really,608.4444444444445
did not,608.29532612989
and exactly,606.7413070647409
dress for,606.7413070647409
are not,605.0470083827712
for husband,603.0633008462596
thought was,601.9987413077228
does not,601.8779441071495
about this,598.9432988762936
the other,598.9194436650057
nice fits,598.5967590958039
and durable,598.2566338955214
simple and,598.2566338955214
size you,597.4805834661472
like how,595.8869206671868
that you,595.8869206671868
first time,595.8003126048189
nice the,594.645582192496
has good,594.0875473268977
love will,594.0875473268977
with anything,590.7716283667631
comfortable the,590.7716283667631
shirt much,590.0044230156942
have the,588.4896024528572
weight and,586.9724145005583
for spring,586.004346907593
very stylish,585.6620185738528
very pleased,585.6620185738528
for what,583.2455678400509
this good,581.5230125149881
for but,581.4415685338017
but also,578.2423572207508
this bikini,577.4705379690139
but other,576.0
like these,574.4752659330348
picture very,574.4752659330348
good very,573.1570465413472
would size,571.9092208233271
from here,570.7808529122907
thick and,569.0179237865548
material the,567.1568108568086
good size,567.1568108568086
but little,565.3079691637117
have big,561.7259217012431
great purchase,560.7423650840018
got lot,560.7423650840018
tight the,560.1111111111111
you will,558.8919096450285
cute really,556.6641846685968
quality looks,556.6641846685968
like lot,556.6641846685968
and came,554.8157467308519
made and,553.4550080593236
daughter loves,552.6737089562237
for watch,549.7529263223616
husband loved,548.4186357154541
this will,546.1241544788722
another color,544.9436260344327
love perfect,544.3712103940494
feels great,544.3712103940494
makes feel,544.3712103940494
little short,543.4308593566425
shirt super,536.5381227302094
quality amazing,536.5381227302094
sturdy and,536.1865347059734
its really,536.1865347059734
color perfect,532.1700996160655
got them,530.4091767087388
wear for,530.4091767087388
nice just,528.2425913291332
beautiful dress,528.2425913291332
they work,528.2425913291332
long but,526.9537055493658
like pictures,524.4007760416106
still love,524.0467536394058
beautiful top,524.0467536394058
love fit,524.0467536394058
the print,520.2406453881935
one favorites,520.0615493876808
look cute,520.0615493876808
really comfortable,512.3565078892534
beautiful shirt,512.0
good color,512.0
tank top,509.83123718634477
down but,508.279160627509
and cool,508.0462728773979
and flowy,508.0462728773979
material perfect,508.0462728773979
the money,504.9840874437813
get the,504.1
was really,501.8854575498278
the watch,501.5432184767331
are correct,501.415250586903
the texture,501.415250586903
wait for,500.4060440834262
vibrant and,500.0469977912076
boyfriend loves,500.0469977912076
love for,500.0469977912076
nice like,500.0469977912076
with some,498.77777777777777
the girls,496.41227105818285
liked the,496.125
fits and,496.125
true the,496.125
black and,493.10045423931064
use them,493.10045423931064
can get,492.73176309371996
top super,492.2938615845684
big and,489.62520321429685
very vibrant,488.18848818873226
quality nice,488.18848818873226
was amazing,488.18848818873226
you need,484.726908500215
the skirt,484.726908500215
cute comfy,484.2984780824898
very true,484.2984780824898
ordered size,481.4834355419703
the black,481.4834355419703
cute nice,481.3119478846028
and definitely,481.3119478846028
these shirts,479.4005389153508
how looks,479.4005389153508
like very,479.4005389153508
can worn,477.81145089741796
recommend getting,477.81145089741796
way fits,476.78951976091736
but nice,476.78951976091736
will love,476.42523023030594
cute bought,476.42523023030594
pair with,474.3862350448208
they feel,472.96534052014135
this favorite,472.5674725677088
going out,472.5674725677088
night out,472.5674725677088
right size,471.03364013714037
still very,471.03364013714037
great the,469.61934410563725
runs little,469.11526933402
for price,466.15347131983197
any outfit,465.125
its good,465.125
favorite shirt,465.125
comfortable material,465.125
color pretty,464.75800154489
the purchase,464.75800154489
color fits,464.75800154489
top but,464.62602473079664
for her,464.53631322144224
one size,464.3511602225195
you like,462.7632192616968
material really,460.93276775842554
shorter than,460.105196753099
make sure,458.3006436827249
the bust,458.26559214191116
with black,458.02343793409705
she loved,457.2004572006858
different color,456.1988694097172
size perfect,453.1875991242479
the straps,452.9675459689683
was bit,452.309527968303
runs big,449.8722139992327
cute wore,449.39516760493393
nice very,449.39516760493393
really soft,449.39516760493393
size great,449.39516760493393
does the,449.39516760493393
feels like,448.9
ordered this,447.9557593321472
love you,445.6963790464109
bit tight,445.6963790464109
was true,445.6963790464109
sooooo cute,445.6963790464109
very cool,445.6963790464109
length and,443.1293675255978
picture but,442.9003435150105
wore for,441.7148401401067
are vibrant,441.7148401401067
color great,441.7148401401067
comfortable fit,441.7148401401067
great item,441.7148401401067
perfect length,441.7148401401067
summer and,441.7148401401067
used for,441.6014550139328
how they,438.5647768483733
looks and,438.5647768483733
decent quality,437.9554965394915
out the,436.63506709629013
get them,435.5101087168019
very easy,434.290532554725
like comment,434.290532554725
have not,432.4837891159636
and also,431.7649111050347
and wear,431.7649111050347
color just,430.7160640942621
and amazing,430.34056281043274
fit was,430.2822993603817
for you,429.66407033091946
the bow,428.4814800990572
the body,428.4814800990572
got size,427.2413969497872
not cheap,427.22842722864084
lbs and,427.22842722864084
cute you,427.1111111111111
quality just,426.61460036123856
perfect with,426.61460036123856
baby girl,426.61460036123856
more like,424.62847694701713
too small,424.3958097664023
what you,424.26406871192853
will wearing,420.5
pretty well,419.4440963942632
and everything,419.4440963942632
you much,419.06562731868144
love its,419.06562731868144
one and,418.4914994777494
like pic,417.25284715809727
for friend,415.99182290197905
definitely get,415.37334717559776
would order,414.07977565447527
normally wear,412.9483209670111
but definitely,409.3355242689931
quality this,408.27242483586366
very nicely,407.8909167902615
dressed down,407.8909167902615
little more,407.61973229205444
shirt great,404.23262839254187
are adorable,404.23262839254187
only thing,403.59911677160983
for your,402.9888526803383
will get,401.5236554695618
are accurate,401.5236554695618
good like,400.67103801217576
good buy,400.67103801217576
size fit,400.67103801217576
got lots,400.67103801217576
perfect the,400.67103801217576
loves the,400.67103801217576
shirt looks,398.2723982725974
wear all,397.2019594006607
and loves,396.81733833087486
just perfect,396.81733833087486
especially for,396.81733833087486
quality fits,396.81733833087486
cute comfortable,396.81733833087486
cute exactly,396.81733833087486
cute omg,393.8214557169922
this little,393.8214557169922
pictured and,393.8214557169922
super pretty,393.8214557169922
feels nice,393.8214557169922
quality not,393.72641916778326
very sturdy,393.19335978856276
have this,392.0
its very,391.13363667566415
just little,391.13363667566415
such pretty,390.5258207425812
shirt true,389.6668907083148
will look,389.6668907083148
bought these,388.32977517274446
what expected,386.77777777777777
very bright,386.23363532016674
plus size,386.0149157111874
was nice,386.0149157111874
thanks shein,385.84582413186746
loved and,385.84582413186746
shirt soft,385.84582413186746
the only,385.41864927798656
beautiful colors,382.25648263766374
the feel,382.25648263766374
fit but,380.89799428624195
thin material,380.161252604275
and vibrant,378.7654827318494
and looked,378.7654827318494
off the,378.47956987151446
have ordered,377.68857827866884
the little,376.4539812513609
freaking cute,375.36841426600006
just expected,375.36841426600006
good with,375.36841426600006
for more,375.2050721323556
fit amazing,374.9773326482549
product and,374.9773326482549
can dressed,374.9773326482549
shein love,374.9773326482549
nicely and,374.9773326482549
usually wear,373.77777777777777
not tight,372.3517602124815
nice product,372.0611390995708
color looks,372.0611390995708
dress fits,371.4229649172551
over all,368.83976990296065
look nice,367.96779247142854
look amazing,367.96779247142854
for reference,367.3814677649689
great top,364.60728562012133
the arms,364.5
and affordable,364.2128498556853
gorgeous and,364.2128498556853
great very,364.2128498556853
