and,4146647.5427714833
the,3390170.4962431253
love,3104174.0939489375
cute,2328604.8731169775
this,1787190.6223873727
very,1478391.2875774165
for,878372.4490180133
good,819704.3383877921
great,624844.9844224987
like,550706.9588390142
nice,545729.0614712569
super,485421.6751868744
but,483932.2567204154
fits,478103.1147236324
quality,443933.1630892493
fit,429484.43537613185
size,422029.4786138938
material,372620.254705818
perfect,369799.16963119776
are,293123.6627176881
with,270508.3062245136
really,261391.9344822948
just,258823.11150854142
these,258583.4286633824
shirt,232514.68450160246
color,232303.17808355135
comfortable,230554.27427941543
they,195442.71360807438
looks,193700.55008468422
true,191534.5406249807
was,190544.19531445354
well,179820.9250071374
you,169478.21002934215
them,152853.7029923016
top,150971.90065538534
loved,135889.8221871836
beautiful,131848.2822637814
soft,129630.73656619545
wear,120501.13326880563
recommend,119401.21420238394
not,117006.58576125935
pretty,113059.42287344259
little,111426.5852490971
much,108870.13840945896
picture,102194.55503225017
will,101825.19480807775
have,97855.38219744996
perfectly,91983.97408337294
can,80772.93100866907
got,79642.38785364018
definitely,79474.12700196853
would,76025.71198352634
colors,74918.16238498922
comfy,74536.78914573694
look,72365.38425035267
one,70409.00376105003
amazing,67269.80950292776
that,67182.74757660972
buy,63952.18847505755
all,63853.21457463217
absolutely,61558.527998276506
dress,59356.649014593735
too,58296.08687158229
more,53519.142328160095
get,50614.911516681444
sexy,50163.907191057966
exactly,47843.18752241399
price,47514.00803548317
big,46471.42840834391
summer,44964.816073935785
than,41245.51471333069
shein,41157.24274116071
fabric,38744.64383381013
product,34680.14713374611
its,34008.90696148886
bought,33421.340635172266
outfit,33314.906680798624
small,30234.926605148994
how,29869.29811311332
still,29466.20624832456
out,28687.340005572114
favorite,27795.573374628657
wait,27194.81226495848
see,27060.830627961688
again,26479.71809418764
bit,25964.51001936299
loves,25385.611231420073
stretchy,24222.50121770852
from,24204.337279681804
your,23995.831975848025
watch,23777.03104309192
work,22632.222656769856
purchase,21846.2043529711
everything,21726.132702201427
what,21667.78717447681
pictured,21656.270649840622
has,21032.47503812226
please,20064.645222927596
shorts,19552.179564661183
also,19488.47748561706
compliments,19467.59259259259
easy,19372.69538960242
down,19156.96439247164
feel,19133.414209431958
such,19058.29572995383
item,18907.822253792547
satisfied,18469.457487692074
expected,18417.99141405946
time,18158.759991177205
highly,17980.851701236956
pants,17870.064786538718
set,17746.78748293279
ordered,17698.71437434186
through,17511.1076410306
use,17263.867472299582
light,16823.23875951211
flattering,16817.425625410466
happy,15956.476065987892
order,15943.855918897958
made,15801.028252218626
suit,15153.712416434462
came,14693.074562649594
adorable,14629.301236645719
need,14464.102757013254
feels,14438.382644630168
tight,13565.789056543977
lot,13555.325155177778
right,13313.606062717394
when,13252.61731728969
way,13061.58080548313
son,12825.12235154838
style,12359.814927487234
different,12183.413320262633
long,12053.336780681006
photo,12004.982016660375
other,11400.098872427696
many,11220.173913043478
works,11088.04347826087
best,10852.617286284763
because,10758.958129071856
baby,10662.52476716238
she,10601.88796143888
had,10532.78238929368
short,10459.565626962021
blouse,10321.455896339225
design,9993.838936305952
were,9826.055343901631
overall,9648.129524752625
some,9330.736104621301
points,9320.818006220525
going,9253.030554770949
wearing,9189.559728300372
worth,9136.514474492778
bigger,9002.65179050167
make,8995.639732776363
large,8985.172861801359
thank,8886.857142857143
husband,8884.68195877928
high,8800.0
thought,8779.161590206804
wore,8666.152226601731
daughter,8627.975158915164
every,8538.337721993934
thin,8515.469460093564
skirt,8505.031264973799
makes,8448.07153471949
cool,8339.121537015251
put,8337.821054064598
black,8313.4868058536
better,8293.391371827107
about,8274.231535603782
pictures,8248.688594462821
piece,8215.483030887688
lovely,7980.419634292977
stretch,7965.079347347519
looking,7923.689918234776
same,7744.505140695774
though,7604.467814394212
could,7465.184455330804
omg,7224.314503066412
glasses,7224.044475686617
awesome,7184.590666326556
even,7177.970407464161
want,7099.537584947204
day,7073.812076533957
back,7036.791954136679
bright,7005.742441229891
gorgeous,6935.978765610324
excellent,6935.157604751296
nicely,6784.240274361678
new,6740.057832452932
pair,6720.980270983962
weight,6706.187980744554
should,6582.829500837287
always,6575.641420176969
sized,6568.212281239742
length,6559.853542846602
buying,6540.341737376318
thick,6531.893025946142
stylish,6520.488373599948
described,6504.437547441303
body,6246.827327410023
does,6226.979663953795
sooo,6097.835471783809
vibrant,6041.096095995802
ever,5966.401038348354
now,5863.94086667525
liked,5850.082502367555
pink,5715.187010210583
looked,5695.9853289904
waist,5662.8648378705075
beach,5641.466215050442
bathing,5627.304272856617
bra,5604.249061528305
any,5563.716872577383
actually,5540.421375123699
lightweight,5490.300571115759
fast,5472.075092121253
her,5442.752055301056
runs,5432.633172248107
bottoms,5352.143008422766
around,5339.26177913706
jeans,5233.245861105186
off,5218.293800432175
swimsuit,5216.684302069916
shirts,5182.090710572007
simple,5119.086368599414
belt,5115.881183781262
medium,4988.07906797007
cover,4969.68287479758
did,4890.068584562601
smaller,4850.813543451586
cutest,4836.874226120661
loose,4820.739336513158
excited,4757.164657539968
wanted,4743.416490252569
lol,4722.145418889899
which,4635.410291909878
thing,4629.771808631609
another,4611.675744648629
pic,4509.710107171952
white,4419.921573366966
must,4418.032218051218
yet,4415.59609696521
wish,4354.00619880298
fun,4298.120904101356
over,4287.646728115118
boyfriend,4274.526283567
soooo,4251.316014553101
only,4212.1711327112
kinda,4199.753584981337
vacation,4144.821934918369
earrings,4090.0487118168853
band,4021.0554896533176
think,4014.8277173497745
casual,4009.6132698982933
sleeves,4001.4407409390374
recommended,3993.44014594356
enough,3982.0944193514833
used,3948.3325365296178
first,3941.8541047497597
breathable,3915.8243920280083
goes,3892.944921430346
cheap,3857.1138568856445
comes,3855.94898877395
don,3832.8305222978784
person,3813.340792970559
there,3797.9675298936827
sure,3784.5
sunglasses,3780.2676883441773
elegant,3780.2248615787876
getting,3771.7712109962813
girl,3761.65231332134
here,3653.4439616955947
needed,3643.44190288051
clothes,3642.6351426692045
purchased,3604.365038856821
hope,3515.5003474935247
received,3493.892889027939
tho,3360.7547970125156
soo,3335.0625
durable,3295.4068092021043
sturdy,3286.184818203116
gift,3279.0331561499092
mom,3277.5625
ordering,3208.055413916613
fine,3196.701192875075
usually,3177.1302634297817
two,3166.1176470588234
night,3155.602124196548
hair,3130.73574038925
under,3112.200673519955
fitting,3088.9760640056766
cant,3079.4467505195985
skin,3078.3042291739825
most,3015.28223562477
old,2996.20132037664
birthday,2963.927306219743
match,2957.0980978271855
literally,2914.210028006946
thanks,2871.7768317591413
pattern,2865.2283948031027
blue,2840.4207556215183
smell,2834.2365967692544
hot,2819.596425761436
then,2814.105999247363
glad,2803.917300287555
side,2766.111985287565
items,2732.4379429563674
know,2715.1663362631475
come,2700.7393730577205
tee,2663.6703422735504
hermoso,2633.1428571428573
obsessed,2617.4192606116612
sizing,2603.5360157360797
shape,2575.8437999883313
kind,2567.2460830049436
him,2537.82241992443
never,2517.2403162394908
measurements,2513.691697658484
outfits,2496.751239110537
print,2467.7451965590344
shipping,2456.2938809575758
def,2445.000515937733
case,2439.418439419659
lbs,2425.4731282996922
swim,2418.8563086932763
green,2416.2894512444327
lots,2415.8159891881296
basic,2384.317692779976
sizes,2374.618987564023
leggings,2356.2778175472745
worn,2345.0583593847273
say,2335.5972614484695
flowy,2322.2599841675637
classy,2308.4462319235026
without,2306.361646973892
adjustable,2299.3714294222564
bottom,2297.174259887998
oversized,2279.6560449261456
try,2266.703600889564
keep,2264.310024676495
girls,2202.1902316614523
straps,2170.025390963178
real,2161.9063908636617
especially,2154.336560415768
review,2143.260206512619
give,2133.7448562680793
bad,2120.546805448623
accurate,2116.9762971883138
apple,2093.991503178706
bikini,2090.368927440558
anything,2086.6944699560772
screen,2067.270219236145
totally,2055.970946519948
red,2036.8917497009998
far,2034.8920400171453
both,1975.1090909245067
tops,1953.8688907000528
matches,1944.6923076923076
front,1942.284754861016
affordable,1942.2242420404052
cut,1926.4157483854647
shown,1924.303443310198
gives,1911.3263752321914
heavy,1910.9214727455444
seems,1906.1312643831282
chest,1900.4934004943507
silky,1894.5550305114823
necklace,1884.9561413918257
boobs,1871.093321799883
matching,1870.3437133480588
fall,1863.7400467759771
went,1806.3316446520014
after,1805.1413261036398
everyday,1794.8444704772096
clothing,1794.8444704772096
gold,1785.7641863588171
tank,1784.9195164579714
year,1775.0554425826886
been,1769.6268787637946
area,1768.4537872017902
lil,1766.353129580373
correct,1760.8247954294047
shades,1758.1140482922947
likes,1756.9548212468183
arms,1752.2032103684585
cheeky,1749.6839128914273
fav,1749.6839128914273
yes,1746.3386828392488
coverage,1742.588675258519
fitted,1741.5295262811628
okay,1738.2857142857142
decent,1710.9902345663627
arrived,1709.0072040794637
shoes,1701.2020029311834
tie,1697.7529025534473
bag,1694.784982858164
wonderful,1692.125290869444
jewelry,1651.8992445345932
probably,1637.7991360512592
bust,1628.642857142857
something,1625.5917673448664
sheer,1604.161707811942
face,1601.689294180374
live,1599.017337368635
friend,1589.769927081473
his,1589.1458231405225
cuteee,1581.518118334624
run,1567.1973928392908
everyone,1565.4071571216123
pls,1552.4452800536885
second,1547.7337508875237
colour,1545.8243243417471
extremely,1541.9836694798928
take,1537.500271727292
pleased,1534.0846101962159
useful,1524.0510632379228
longer,1512.9326167880631
job,1503.1726651401327
plus,1502.7226593838402
part,1493.8404011761252
crop,1491.641200957066
belly,1483.8197350925077
snug,1481.142857142857
things,1468.6123519362554
doesn,1467.4539578751398
texture,1463.9520563487285
expensive,1449.903150410268
loveeee,1449.1630444541995
easily,1435.3013030055245
wow,1431.4767264334446
slightly,1398.6539517380018
cannot,1396.5423740971867
spring,1364.3993688782166
might,1356.8288199697513
tiny,1354.2253742410865
weird,1342.7817844441145
gonna,1340.0489638851843
normally,1323.710160479648
felt,1316.9273353783294
photos,1313.9071087451193
nail,1297.301047310508
holds,1293.1581745927795
products,1293.1581745927795
ones,1287.2486114400438
dog,1284.1006460674216
honestly,1268.191105579955
already,1259.0983812896566
covers,1246.806528447716
sooooo,1244.4545454545455
trip,1244.4545454545455
their,1221.3920587391583
since,1220.0833333333333
money,1216.5455284948291
didn,1209.0175720917193
once,1201.1203433198068
into,1184.2023103710412
while,1178.1615339162963
hard,1176.3282239347707
days,1173.8220660079016
support,1173.0235286462773
smooth,1170.532310855323
boy,1162.3975774234907
party,1156.050941216919
worked,1151.088500007052
together,1144.7316874987066
bow,1140.3636363636363
room,1139.8246018914153
larger,1136.8095737178464
extra,1125.2472486655413
pieces,1115.4909269898708
tried,1107.6923076923076
wash,1102.4323548271327
find,1098.2764710657111
butt,1091.4257213677704
cropped,1086.9694641258461
using,1076.4907682120647
before,1075.5094141847387
anyone,1072.2970956798815
baggy,1067.8161921837743
freaking,1066.473924027508
shorter,1065.6872046627088
shiny,1065.3455966540048
stuff,1052.3478178931914
neck,1052.124508322403
shade,1047.7624025388166
cuteeee,1037.144757392916
fresh,1035.9849100951974
being,1023.2033572779301
haven,1022.3381979685788
strong,1020.8515009721233
loveee,1013.0112138067602
detail,1011.5284609306489
may,1006.0054373610512
almost,1004.1277700429505
cotton,1001.1201878761852
lingerie,1000.0
image,999.9395537286796
our,999.9395537286796
trendy,995.0371902099891
hugs,995.0371902099891
phone,993.5391320894245
underneath,989.0429604480992
surprised,985.3292781642932
gym,975.9000729485332
helps,975.9000729485332
took,967.0409083997008
charms,965.2383177749473
pockets,964.4545454545455
dark,952.7163246010275
protector,947.4984329136548
purchasing,940.9
help,924.145330882861
man,923.5551453797315
delivery,922.0005231027636
kids,919.8963643263937
gotten,913.0773404425441
warm,912.5199756073031
friends,907.0466282714389
bands,888.0514135630398
add,882.7327044598131
dressed,872.9949428334427
shows,870.8301458132595
however,866.2058069535208
variety,853.8149682454624
show,851.8508345140568
multiple,849.6126733617161
maybe,847.1469399880013
workout,844.4833769311529
tighter,841.3018483279351
date,836.5073221436858
making,836.5073221436858
loving,834.9467115397911
hold,830.9787353095055
shopping,825.8213368730446
fantastic,825.5131737289236
soon,824.6497934385128
touch,821.3694373959698
several,821.3694373959698
stunning,811.4819776187269
who,806.6127530192746
curves,802.3123953768139
quite,796.2261429998767
able,793.1759467916354
nails,792.1
family,788.4162490830473
lace,786.2840702794747
myself,784.2958687918238
comment,775.3114652395308
colorful,765.330655184219
where,760.1228686930845
few,745.1667474340769
weather,742.8599745984873
dont,742.3419075414696
wide,739.4254526319743
pics,738.6587652147448
cause,725.8079567908064
package,725.2920524888638
unique,724.5412425770681
place,715.3815998006472
let,715.2032740517102
box,701.9972536585483
wrong,700.4436891728897
favorites,697.7650123788094
brush,695.4646090721728
comfort,689.2031542331172
own,686.7013605787379
packaging,686.1520222961886
tan,685.0387465956575
last,679.7162655203297
ready,678.3986432040705
glove,676.9314936231166
wardrobe,676.0
waisted,674.6192341692542
nothing,674.028683860462
clean,665.2928353876823
life,663.8188220978889
sun,658.7777777777778
christmas,658.7777777777778
comfortably,649.8507715748714
beautifully,649.5190528383289
normal,641.4545454545455
occasion,641.0282425854634
giving,639.3405123231863
reviews,635.6555219053286
helpful,633.6775416598917
brand,632.3140148164781
cruise,632.3140148164781
gave,630.6107380251476
type,630.4362030550348
description,628.4727430557708
dresses,624.9714749046107
versatile,623.7122734081798
fashion,619.483666865813
advertised,619.2522001223102
vibes,612.2354122394424
shoulders,611.9803996987033
costume,610.1169126149705
chic,606.7413070647409
those,606.559349269341
hopefully,599.6270147501543
pop,599.5593424034781
said,598.9432988762936
mesh,596.2488075035775
sleeve,596.2488075035775
won,595.748911839079
solid,594.645582192496
fashionable,594.0875473268977
impressed,594.0875473268977
else,593.7376043818876
silver,590.4922660620288
seem,583.2853282858642
clip,583.2455678400509
full,583.2455678400509
suits,582.0845413969806
dressy,581.5230125149881
romper,581.5230125149881
arm,574.8839634470346
plastic,573.237231575307
guys,572.4770311720044
clips,569.6134298447145
styles,569.0483409041047
hips,569.0179237865548
either,567.8347480343809
shoulder,567.8347480343809
wears,564.8728702553892
jacket,563.6009337288219
materials,562.0685479828762
mine,561.7259217012431
expecting,561.0147140975557
expectations,560.7423650840018
people,558.6309894891103
orange,555.7831380599129
booty,549.7529263223616
value,548.4186357154541
times,546.7732189319229
quickly,546.7732189319229
school,544.9436260344327
yellow,544.4444444444445
alot,544.4444444444445
office,544.3712103940494
preg,541.114477766748
sister,539.077095956242
brown,534.6338310781814
details,528.2425913291332
stays,528.2425913291332
complaints,521.8356503210048
tall,520.2406453881935
next,519.3989612031164
boys,518.345071678446
paired,516.9620903092425
inside,516.5053511608353
tad,516.5053511608353
done,514.9236146724759
months,513.7777777777778
concert,513.3595231414336
cutee,513.3595231414336
quick,510.4327778362741
hubby,504.9840874437813
found,504.664990671028
strap,504.5197622256144
protect,501.415250586903
friendly,499.6674683700835
feeling,495.7448361089963
says,495.7271205499861
choice,492.2938615845684
reference,491.14627369263644
plz,481.4834355419703
receive,478.5290078601676
surprisingly,476.1503282946838
business,473.163691324555
whole,472.3693602468305
buttons,469.44444444444446
regular,463.7539984564417
cuter,462.7632192616968
exact,461.38687817421874
three,460.98529312353395
absolute,460.93276775842554
cat,458.3006436827249
stay,456.6328748760676
each,453.0197444801815
cloth,452.9675459689683
eyes,449.9061698219259
darker,449.40075485199003
excelente,449.39516760493393
low,448.9
having,446.85592333124134
airy,441.7148401401067
makeup,438.5647768483733
tshirt,438.5647768483733
pounds,438.5647768483733
purple,438.52405546585726
figure,438.52405546585726
hit,436.56412506539937
soooooo,435.125
broke,434.6178493803493
pool,434.290532554725
sports,433.38907110876914
chain,433.0534031733269
others,430.2822993603817
otherwise,429.66407033091946
height,428.4814800990572
working,427.22842722864084
fancy,426.61460036123856
thru,424.26406871192853
adore,419.06562731868144
someone,418.6452079345735
thicker,418.4914994777494
boob,416.02044721383584
ring,414.07977565447527
pairs,412.62341262361895
zipper,412.1200583916483
during,411.7769734480899
supportive,410.97801081461074
plan,410.23978421839536
tell,409.3710926401151
isn,405.0316443333686
bodysuit,404.8558591235486
mind,404.65803046723494
charm,404.23262839254187
adjust,402.9888526803383
graphic,400.67103801217576
feet,399.924254191852
condition,398.2723982725974
amount,398.2723982725974
prices,397.2019594006607
tummy,395.0988624523122
supper,393.8214557169922
button,393.72641916778326
shop,389.6668907083148
brought,388.97292767175776
ignore,387.94106735318763
needs,386.77777777777777
info,386.33653618564114
tone,386.23363532016674
ddd,386.0149157111874
head,384.4121422665408
brother,382.889558218951
huge,382.49229591671985
model,380.2958600569701
helped,379.6308644200824
niece,375.36841426600006
service,374.9773326482549
wedding,374.9773326482549
regret,374.9773326482549
end,372.68585967272753
accessories,371.4229649172551
hoping,367.0410376070655
cuteeeee,365.70065094513427
vibe,364.60728562012133
seen,364.60728562012133
lip,361.5566543236541
early,361.33719906559776
disappointed,360.0
forward,359.65559573150483
itchy,358.9347876957342
double,358.15354935038783
legs,353.9007348943064
confident,353.5533905932738
enjoy,353.5533905932738
break,351.125
grow,350.7187684533785
deal,350.7187684533785
designs,347.57324510710794
stomach,346.9912974792246
gets,340.33909003012224
amazingly,339.5526763257801
although,338.6213574611229
lighter,337.09993123162104
secure,337.09993123162104
eye,336.71067699138973
roomy,336.20724817512513
gone,334.48813998327904
nephew,334.0765523905305
grandson,332.9587927841938
sparkly,332.55375505322445
dry,332.3090409563042
breast,332.0368864688133
sweater,328.2660821493064
heels,326.7347151345784
water,326.5396172313884
staple,325.8348047707611
protects,325.8348047707611
month,322.7486121839514
feminine,322.21576621884907
wasn,322.0183300342525
clear,320.8471209158655
glitter,320.8471209158655
bows,319.507313025732
buttery,318.84168615997083
move,318.020218931317
middle,317.5003175004762
problem,316.47926201833707
wrist,315.57142857142856
leather,315.57142857142856
keeps,315.26674529619385
online,313.53468707624677
dainty,311.9871792237623
change,310.08683647302115
torso,310.08683647302115
today,307.7287274483318
elastic,307.41654871888323
lose,306.4870268364513
matte,305.41829240131204
store,304.9273049274574
keeping,304.9273049274574
rose,302.53002130880077
wife,302.2857142857143
world,299.2475897981469
pajamas,298.5699612136667
point,297.86149923626033
couple,297.86149923626033
pocket,296.29926578032683
lips,295.19004169227276
delicate,291.8629815512752
addition,291.8629815512752
often,290.654953315426
halloween,290.654953315426
running,290.654953315426
funny,290.0559101871271
due,290.0559101871271
away,288.67513459481285
worried,287.9511275405114
prefect,285.44762711588083
packaged,285.44762711588083
stockings,282.762393943345
hand,282.762393943345
church,282.3946235399239
incredibly,281.96985654498604
thinner,277.84441193117294
stick,275.56759606310754
bags,273.7917456754312
line,271.09422426782265
everywhere,271.09422426782265
women,270.6020074363297
protectors,269.704369279607
considering,269.00747806671467
adds,269.00747806671467
tint,269.00747806671467
sides,268.7322687324031
above,265.93300591758754
foundation,265.93300591758754
places,265.93300591758754
strings,263.4562301126796
event,262.5280937347468
cozy,262.5280937347468
putting,261.48808768278525
rise,261.48808768278525
underwear,261.05018674576735
beads,261.05018674576735
actual,261.05018674576735
house,260.461594912268
cheaper,260.08761065723854
natural,260.08761065723854
sweet,260.08761065723854
open,259.27468186411437
finally,256.41016570511215
home,256.41016570511215
proof,256.35009672910843
headband,256.35009672910843
hat,255.12601928122837
turned,254.61146871262497
doing,253.97968274112603
future,253.42028511761032
professional,253.42028511761032
glass,253.125
half,253.125
disappoint,252.98221281347034
rich,252.98221281347034
close,252.045731658875
itself,252.0
similar,252.0
usual,252.0
thinking,252.0
truly,250.58868467847643
accessory,249.87801902176972
ways,249.46727240261396
toddler,249.46727240261396
amazon,249.46727240261396
tied,247.84992829638207
fan,246.97370811485175
handy,246.88535993934704
matched,246.88535993934704
repurchase,246.88535993934704
trying,245.8722458723688
denim,245.19905070796077
between,244.62278653532604
customer,243.55492193753753
thighs,242.785594357627
purse,241.2090756622109
added,240.49121605580524
ladies,240.14285714285714
washed,240.04999479275145
rest,240.04999479275145
loveeeee,238.51391759997756
play,237.54029183256984
collection,237.54029183256984
padding,235.90712984783542
why,235.7244153667583
decided,235.38708212510844
fix,234.82323482335224
winter,234.6953952923418
colours,234.6953952923418
mean,234.6953952923418
valentines,234.24773211282113
wanna,233.64750778627374
asf,233.11275746365254
pjs,231.9503254758917
season,231.2250540945458
pant,231.2250540945458
protection,231.2250540945458
suggest,229.34022425544646
heart,228.75512542325123
years,228.57142857142858
expect,228.57142857142858
built,228.57142857142858
careful,227.5961668207862
special,226.73729291847866
ended,226.2741699796952
panties,225.51491216714717
appreciate,225.06221362103415
held,225.06221362103415
theses,225.06221362103415
return,224.84737680734204
tape,224.04481344448155
ties,222.08112552801393
form,221.88007849009165
ears,221.86065206829764
issue,219.5374398593552
spot,219.21544255916427
flimsy,217.73242158072694
car,217.28571428571428
completely,217.01616683248892
sleek,216.0
enjoyed,216.0
air,213.8089935299395
sandals,213.8018800255017
knee,213.06108754774306
gusta,213.06108754774306
continue,213.06108754774306
coming,212.98260078066028
crazy,212.90618468767147
roll,211.2412860981038
sticky,210.9247496146434
experience,210.23896178546826
lovee,210.23896178546826
jumpsuit,208.7705427853358
god,207.52608733139292
art,207.52608733139292
alittle,207.52608733139292
surprise,207.06279240848656
disappoints,207.06279240848656
flows,207.06279240848656
gifts,207.06279240848656
sleep,206.3845153634792
idk,206.28571428571428
dogs,204.91559237891096
washes,204.91559237891096
chart,204.91559237891096
seriously,204.16666666666666
layer,204.16666666666666
rlly,204.0784707464808
oper,204.0784707464808
dinner,202.40119540763345
delivered,201.3887594490627
issues,201.3887594490627
supposed,200.0
taking,199.97714155087112
walk,199.97714155087112
site,198.72124088518413
win,198.72124088518413
bracelet,198.72124088518413
coverup,198.2523644247402
earring,198.2523644247402
website,198.2523644247402
below,198.01733360183312
lines,196.15698841123174
weigh,196.15698841123174
functional,195.39966369323304
finish,195.39966369323304
protective,195.37935128639083
swimsuits,195.37935128639083
words,195.37935128639083
stretches,193.68950668531323
read,193.6058366888767
yourself,193.19627325598182
tbh,193.19627325598182
sets,192.66666666666666
anklet,190.04522932499304
rings,190.04522932499304
nude,190.04522932499304
liner,190.04522932499304
stickers,190.04522932499304
smells,190.04522932499304
samsung,189.57056733575496
closet,189.0216037035626
jean,187.5279628271615
pigmented,187.5279628271615
loveeeeee,187.5279628271615
