and,0.619465737
love,0.570377794
the,0.564336057
cute,0.513286374
this,0.465606098
very,0.439791878
good,0.364308512
for,0.362838037
great,0.33336703
nice,0.317555498
like,0.3081463
fits,0.304113262
super,0.303614151
quality,0.2972783
fit,0.288881213
but,0.284712633
size,0.282082419
perfect,0.280751454
material,0.274061071
are,0.250913685
really,0.246255071
with,0.245383114
these,0.244722644
just,0.241923256
comfortable,0.239767507
color,0.237197241
shirt,0.234732633
TRUE,0.224398476
looks,0.220692597
they,0.21856325
well,0.218347743
was,0.210689683
them,0.204890277
you,0.204777842
top,0.202161207
loved,0.201133978
beautiful,0.199122455
soft,0.195923852
recommend,0.191889327
wear,0.187010787
pretty,0.185718316
much,0.1850968
picture,0.178689375
little,0.177550223
perfectly,0.177045449
will,0.176164453
not,0.168124247
have,0.167893605
definitely,0.166222749
comfy,0.163730122
colors,0.163381949
got,0.162261501
can,0.162129955
amazing,0.159428368
would,0.158588722
look,0.157902366
absolutely,0.15474883
buy,0.153977353
one,0.153039351
dress,0.15036661
all,0.15006548
that,0.149665104
sexy,0.143948582
more,0.140838517
price,0.140547627
exactly,0.140255881
summer,0.137987036
get,0.137519223
too,0.135627978
shein,0.133048255
fabric,0.128522888
big,0.127316612
than,0.126870214
product,0.126448295
outfit,0.124944345
its,0.122188982
bought,0.121745692
still,0.117452039
favorite,0.117079875
how,0.116810135
loves,0.114794707
wait,0.114549363
again,0.114478902
out,0.113428109
watch,0.110180167
see,0.109981403
from,0.108952012
purchase,0.108931248
everything,0.108332537
work,0.107146916
your,0.107033744
bit,0.106850296
stretchy,0.106833541
pictured,0.106632694
compliments,0.10563984
small,0.105451633
please,0.104139568
has,0.104082267
such,0.103992564
what,0.10395711
satisfied,0.103359953
easy,0.102993975
highly,0.102819458
item,0.102039301
also,0.101685741
shorts,0.101613822
feel,0.10090371
set,0.099884032
time,0.099221819
light,0.098784384
pants,0.09818985
flattering,0.098018767
happy,0.097175763
use,0.097166019
expected,0.097130792
ordered,0.096041117
adorable,0.09513092
through,0.09502308
suit,0.094630685
made,0.093339315
order,0.093203407
down,0.092135475
feels,0.091323312
son,0.090748659
lot,0.090541594
came,0.090179567
need,0.089331691
right,0.088927053
style,0.088410281
tight,0.08821515
photo,0.087462371
different,0.087307213
when,0.087041893
many,0.086893915
works,0.086380762
baby,0.084233375
best,0.084213171
other,0.084146276
blouse,0.083380691
she,0.083086982
long,0.082757271
design,0.082599779
overall,0.082516117
way,0.08248238
points,0.081488253
thank,0.080931566
worth,0.080593344
husband,0.079985993
going,0.079831198
because,0.079563169
wore,0.079473531
wearing,0.079283598
daughter,0.079123426
high,0.078683467
every,0.078668151
cool,0.078486961
some,0.078437464
lovely,0.078295147
make,0.077952436
piece,0.077508715
had,0.077309313
makes,0.076935597
skirt,0.076920155
were,0.076853688
black,0.076596483
pictures,0.076537195
bigger,0.076496744
short,0.076062374
awesome,0.075778619
excellent,0.074956352
looking,0.074935504
thought,0.074921352
about,0.074832784
large,0.074734096
gorgeous,0.074555581
omg,0.07440237
better,0.074322641
bright,0.07429058
put,0.074046125
nicely,0.073934563
glasses,0.073819852
day,0.073623288
stretch,0.073386423
stylish,0.073084705
same,0.072890492
new,0.072449606
though,0.072263996
weight,0.072085535
buying,0.071873849
pair,0.071851906
vibrant,0.071157842
described,0.07108218
even,0.070953216
always,0.070682276
length,0.070512571
thick,0.070404382
want,0.069652896
so,0.069536063
liked,0.069323008
ever,0.069241463
body,0.069228455
back,0.069209898
beach,0.068713641
thin,0.068370067
bathing,0.0683296
lightweight,0.068138152
fast,0.068126873
any,0.067557489
simple,0.067355763
pink,0.067318971
looked,0.067294275
sized,0.067292931
actually,0.067274624
now,0.066868869
should,0.066747403
swimsuit,0.066418577
cutest,0.06630349
her,0.066088673
jeans,0.06598877
waist,0.065913289
could,0.065850515
bra,0.065815186
belt,0.065773736
does,0.065328046
excited,0.064984411
shirts,0.064927526
cover,0.063894098
bottoms,0.063806843
around,0.063653277
fun,0.063569747
boyfriend,0.063220779
soo,0.062877497
another,0.062779003
vacation,0.062717107
must,0.062522678
which,0.06224064
wanted,0.062204742
casual,0.061860838
recommended,0.061853881
medium,0.06171059
pic,0.061390939
thing,0.061327693
lol,0.061312669
white,0.061227949
elegant,0.061201892
earrings,0.06118236
breathable,0.061133063
band,0.060611223
loose,0.060593048
off,0.060559505
goes,0.060060863
over,0.059816828
sunglasses,0.059727825
sleeves,0.059405138
yet,0.059289148
getting,0.059118732
enough,0.059117923
comes,0.05879834
girl,0.05872616
hope,0.058604185
purchased,0.058595855
smaller,0.058539697
runs,0.058395958
person,0.058374878
clothes,0.058255114
used,0.05817762
sturdy,0.057974981
first,0.057865438
gift,0.057848811
here,0.057724023
durable,0.057620896
did,0.057257076
think,0.057228363
needed,0.057107299
sure,0.057045513
kinda,0.05697434
wish,0.056908356
soo,0.056799628
night,0.056688063
fine,0.056396308
birthday,0.056331419
mom,0.056307856
hair,0.055985714
received,0.055876342
skin,0.055809136
ordering,0.055599322
there,0.055545958
thanks,0.055382685
fitting,0.054988992
match,0.054876115
don,0.054634129
literally,0.054595273
glad,0.054340378
old,0.054320624
pattern,0.054193775
most,0.054167319
tho,0.053966498
beautiful,0.053954377
usually,0.053876643
blue,0.053724556
under,0.053701478
two,0.053689895
tee,0.053466025
cant,0.053370385
items,0.05321725
hot,0.053075508
outfits,0.052809958
only,0.052441175
lots,0.052221093
cheap,0.052146235
him,0.052001215
classy,0.051896158
smell,0.051862223
flowy,0.051616798
basic,0.051540215
shape,0.05144069
side,0.051331906
green,0.051108073
print,0.051097565
then,0.051019266
swim,0.05088877
shipping,0.050860452
without,0.050690651
leggings,0.050655767
def,0.05062661
know,0.050386486
adjustable,0.049978595
worn,0.049869546
oversized,0.049825345
obsessed,0.049745802
lbs,0.049699123
totally,0.049622982
bikini,0.049244753
especially,0.048991523
affordable,0.048981069
case,0.04896477
come,0.048963948
keep,0.048946089
say,0.048875768
never,0.048784531
review,0.048739637
screen,0.048700595
girls,0.048673023
sizes,0.048657097
kind,0.048557649
far,0.048518897
gives,0.048512834
sizing,0.048314915
apple,0.048176173
matches,0.048117966
real,0.048052624
measurements,0.048006305
give,0.047968698
silky,0.047778897
tops,0.047744465
anything,0.047729173
red,0.047699317
try,0.047687727
matching,0.047472622
everyday,0.0473908
clothing,0.0473908
shades,0.047374832
necklace,0.047234039
both,0.047093464
straps,0.046908
wonderful,0.046881086
accurate,0.046789616
shown,0.046731749
heavy,0.046695008
decent,0.04642298
bottom,0.04634606
coverage,0.046321932
year,0.046247522
cheeky,0.046198388
fav,0.046198388
fall,0.046114946
likes,0.046081099
tank,0.045896619
shoes,0.045841257
bad,0.045838454
yes,0.045802661
jewelry,0.045766605
seems,0.045448793
gold,0.045325844
live,0.045257636
cuteee,0.045086713
fitted,0.04507552
colour,0.045048451
pleased,0.045039961
went,0.044977353
lil,0.044833157
tie,0.044827209
friend,0.044674503
everyone,0.044627414
arrived,0.044526693
arms,0.044474007
sheer,0.044444016
front,0.044426075
useful,0.044413934
bag,0.044156145
face,0.044065198
his,0.044027994
wow,0.043997481
loveeee,0.043855835
correct,0.04384424
okay,0.043837931
job,0.043805495
extremely,0.043643389
boobs,0.043557429
cut,0.043556629
pls,0.043316233
texture,0.043304069
after,0.043303286
spring,0.043288578
chest,0.043218904
second,0.043184772
plus,0.043153076
things,0.042798337
belly,0.042610248
crop,0.042524457
been,0.042451335
bust,0.04243287
holds,0.042395903
products,0.042395903
probably,0.042390695
slightly,0.042327285
expensive,0.042253113
area,0.042166083
something,0.042074735
cannot,0.041940762
sooo,0.041845298
trip,0.041845298
dog,0.041751029
take,0.041715811
nail,0.041494367
tiny,0.041300445
covers,0.041219773
easily,0.041216964
photos,0.041024907
felt,0.040795436
smooth,0.040752894
money,0.040560178
longer,0.040490743
snug,0.040465783
party,0.040248715
gonna,0.04024416
honestly,0.040236158
boy,0.04011468
normally,0.040059271
bow,0.040057038
their,0.040043067
run,0.040036534
part,0.039709642
once,0.039709375
since,0.039669581
already,0.03962809
while,0.039616168
freaking,0.039582012
ones,0.039564525
doesn,0.039542591
pieces,0.039536348
days,0.039470252
anyone,0.039426193
worked,0.039378971
lingerie,0.039341733
room,0.03933568
fresh,0.039189848
into,0.03915006
trendy,0.039146488
hugs,0.039146488
stuff,0.039057724
strong,0.038992299
shade,0.038887537
cuteeee,0.038860069
surprised,0.038764562
charms,0.038749131
might,0.038681158
detail,0.038636197
together,0.038492076
gym,0.0383936
helps,0.0383936
loveee,0.038320786
larger,0.038225692
extra,0.038163084
purchasing,0.038161481
using,0.038154066
shiny,0.038102311
cropped,0.037843595
support,0.037826868
image,0.037826303
our,0.037826303
protector,0.037652758
find,0.037572261
friends,0.037562933
baggy,0.037508696
warm,0.037395956
dressed,0.037331668
variety,0.037322845
bands,0.037167534
help,0.037099469
butt,0.037016017
kids,0.036928895
workout,0.036914933
loving,0.036908147
fantastic,0.036905817
pockets,0.036838168
multiple,0.036731028
stunning,0.036695526
delivery,0.036639494
shopping,0.036504767
wash,0.036446722
hard,0.036439993
dark,0.036389817
underneath,0.036365107
tried,0.036315446
touch,0.036307975
several,0.036307975
curves,0.036280874
being,0.0362654
almost,0.036242318
weird,0.036183125
add,0.036175244
date,0.036164448
before,0.036164448
making,0.036164448
family,0.036067049
neck,0.035993393
man,0.035974515
took,0.035891571
phone,0.035860139
colorful,0.035844565
shorter,0.035834173
shows,0.035687466
may,0.035655854
haven,0.035593413
comment,0.035467555
weather,0.035211324
unique,0.035190998
cotton,0.035165896
lace,0.035152021
nails,0.035014143
soon,0.03488511
gotten,0.034875772
favorites,0.034748462
didn,0.034718866
myself,0.034669167
show,0.034549782
tighter,0.034477368
comfort,0.034322084
able,0.034291117
tan,0.034114698
wardrobe,0.034096169
beautifully,0.034070941
hold,0.034054316
quite,0.034048822
brush,0.033778745
who,0.033759089
packaging,0.033743012
glove,0.03371096
sun,0.033659039
christmas,0.033659039
comfortably,0.03363981
occasion,0.03362555
brand,0.033616661
cruise,0.033616661
versatile,0.033613592
life,0.033481773
pics,0.033402432
fashion,0.0333857
ready,0.033361723
few,0.033313808
waisted,0.033175863
chic,0.033153132
clean,0.033131359
place,0.033111003
maybe,0.032998247
fashionable,0.032918921
impressed,0.032918921
dressy,0.032683033
romper,0.032683033
giving,0.032665927
vibes,0.032549192
solid,0.032492205
reviews,0.032477649
however,0.032455274
styles,0.032445432
expectations,0.032442024
package,0.03242528
let,0.032341766
wide,0.032322532
pop,0.032311923
suits,0.032253824
value,0.032202597
box,0.032113708
description,0.032110659
advertised,0.032055862
clips,0.032013685
costume,0.032004076
office,0.031964936
dresses,0.031931768
clip,0.031869294
full,0.031869294
those,0.031817462
dont,0.031744584
materials,0.031589644
helpful,0.031556928
school,0.031527981
details,0.031487847
stays,0.031487847
hopefully,0.031453821
own,0.031413979
type,0.03139551
silver,0.031393229
booty,0.031345265
guys,0.031280887
mesh,0.031276615
sleeve,0.031276615
jacket,0.03122963
where,0.031150574
hips,0.031091877
gave,0.031011649
said,0.031004563
won,0.030839204
paired,0.030815431
choice,0.030742371
last,0.03073703
sister,0.030736561
cause,0.03070381
complaints,0.03064167
concert,0.030600687
cutee,0.030600687
yellow,0.030599126
alot,0.030599126
seem,0.030596608
hubby,0.030564537
shoulders,0.030476417
wears,0.030442572
boys,0.030436707
preg,0.030411974
orange,0.030368711
protect,0.030348531
times,0.030297192
quickly,0.030297192
mine,0.030272975
done,0.030235802
absolute,0.030223157
either,0.030188653
shoulder,0.030188653
nothing,0.030133474
people,0.03010618
tall,0.030098778
brown,0.030047745
normal,0.030042778
business,0.030024322
excellent,0.029966076
airy,0.029961771
else,0.029947008
friendly,0.029784522
reference,0.029726993
months,0.029724865
pool,0.029458176
fancy,0.029445189
adore,0.029440657
cuter,0.029364366
surprisingly,0.029269655
makeup,0.029243896
tshirt,0.029243896
pounds,0.029243896
next,0.029191508
strap,0.029189238
plz,0.029142143
says,0.029108603
quick,0.029103348
expecting,0.029041173
inside,0.02902888
tad,0.02902888
soooo,0.029014528
arm,0.028996066
working,0.02897915
during,0.028928607
charm,0.028914931
exact,0.028812317
found,0.028774486
each,0.0287461
feeling,0.028681561
graphic,0.028660169
hit,0.028625316
cat,0.02861959
whole,0.028590507
height,0.028571532
eyes,0.02854853
pairs,0.028479509
bodysuit,0.028442377
sports,0.028417129
buttons,0.028413474
prices,0.028412025
shop,0.028389205
service,0.028369727
wedding,0.028369727
regret,0.028369727
having,0.028354978
purple,0.028282453
figure,0.028282453
others,0.028213419
supper,0.028170216
tone,0.028139075
wrong,0.02811905
accessories,0.028100814
receive,0.028098747
ring,0.028087269
regular,0.028069056
darker,0.028063817
condition,0.027979869
amount,0.027979869
three,0.027901478
brother,0.027895442
supportive,0.027876875
niece,0.027863479
plastic,0.027842156
confident,0.027818806
thru,0.027818806
enjoy,0.027818806
adjust,0.027814526
tummy,0.027756918
otherwise,0.027711032
helped,0.02765803
feet,0.027603006
vibe,0.027585159
seen,0.027585159
thicker,0.027440302
cloth,0.027416198
plan,0.02735516
early,0.027337753
brought,0.027326552
amazingly,0.02726243
sparkly,0.027256752
stay,0.027219286
cuteeeee,0.027145844
ddd,0.027118743
double,0.027096887
grow,0.027054675
deal,0.027054675
chain,0.027042971
someone,0.027000374
roomy,0.026993828
mind,0.026982963
feminine,0.026971334
boob,0.026831091
designs,0.026812027
grandson,0.026733012
model,0.026716961
button,0.026706689
staple,0.026706054
protects,0.026706054
forward,0.026697122
buttery,0.026688903
dainty,0.026682862
isn,0.026557745
lighter,0.026524191
secure,0.026524191
wrist,0.026415164
leather,0.026415164
low,0.026358961
nephew,0.026286301
legs,0.02626994
heels,0.026233286
bows,0.026187441
zipper,0.026150835
itchy,0.026150216
although,0.026121473
matte,0.026121054
pajamas,0.0261028
delicate,0.026096354
addition,0.026096354
break,0.026063898
lip,0.025862301
wife,0.025853139
sweater,0.025829113
incredibly,0.0257981
needs,0.025790692
hoping,0.025785769
clear,0.025760575
glitter,0.025760575
end,0.025722996
online,0.025697913
head,0.025632949
world,0.025593302
tell,0.025564077
move,0.025533605
prefect,0.025522737
packaged,0.025522737
month,0.02539498
pocket,0.025341145
keeps,0.025312531
church,0.025249759
considering,0.025198144
adds,0.025198144
tint,0.025198144
event,0.025191001
cozy,0.025191001
ignore,0.025020121
middle,0.024982026
point,0.02493274
couple,0.02493274
above,0.024910156
foundation,0.024910156
places,0.024910156
disappoint,0.024881897
rich,0.024881897
often,0.024858412
halloween,0.024858412
running,0.024858412
stomach,0.024820435
rose,0.024795949
broke,0.024780608
lips,0.024709123
elastic,0.024682245
protectors,0.024675901
worried,0.024627166
proof,0.024598188
headband,0.024598188
accessory,0.024576586
customer,0.024568905
eye,0.024531077
info,0.024514756
store,0.024482385
keeping,0.024482385
bags,0.02448055
change,0.024398707
torso,0.024398707
gone,0.024369154
cheaper,0.024362613
natural,0.024362613
sweet,0.024362613
gets,0.0243446
future,0.024317057
professional,0.024317057
handy,0.024282245
matched,0.024282245
repurchase,0.024282245
funny,0.024279367
due,0.024279367
huge,0.024270822
added,0.024259849
valentines,0.024251873
line,0.024239356
everywhere,0.024239356
water,0.024238933
today,0.024213163
dry,0.024210396
stockings,0.024183397
hand,0.024183397
stick,0.024091793
truly,0.024045349
play,0.023962171
collection,0.023962171
problem,0.023943928
season,0.023938933
pant,0.023938933
protection,0.023938933
appreciate,0.023930642
held,0.023930642
theses,0.023930642
putting,0.023924174
rise,0.023924174
turned,0.023849658
tied,0.023782551
thinner,0.023762784
breast,0.023750739
purse,0.023723958
winter,0.023675189
colours,0.023675189
mean,0.023675189
women,0.023657671
ties,0.023613666
sleek,0.02360504
itself,0.02360504
disappointed,0.02360504
enjoyed,0.02360504
similar,0.02360504
usual,0.02360504
thinking,0.02360504
strings,0.02355642
denim,0.023528185
wasn,0.023460665
finally,0.023459582
home,0.023459582
loveeeee,0.023458877
pjs,0.023398277
ways,0.023367797
toddler,0.023367797
amazon,0.023367797
panties,0.023347757
underwear,0.023341288
beads,0.023341288
actual,0.023341288
spot,0.023308961
knee,0.023283868
gusta,0.023283868
continue,0.023283868
surprise,0.023274883
disappoints,0.023274883
flows,0.023274883
gifts,0.023274883
doing,0.023237212
padding,0.023202488
ladies,0.023043015
sides,0.022983464
experience,0.022975459
lovee,0.022975459
seriously,0.022949344
layer,0.022949344
coverup,0.022939975
earring,0.022939975
website,0.022939975
between,0.022914011
special,0.022872405
lose,0.022750436
sandals,0.022733342
away,0.02271396
god,0.022678989
art,0.022678989
alittle,0.022678989
open,0.022667368
delivered,0.022637094
issues,0.022637094
functional,0.022609887
finish,0.022609887
samsung,0.022600105
decided,0.022586673
close,0.022536173
washed,0.022485674
rest,0.022485674
years,0.02248099
expect,0.02248099
built,0.02248099
roll,0.022461077
dogs,0.022393707
washes,0.022393707
chart,0.022393707
ears,0.022380468
asf,0.022368439
site,0.022337252
win,0.022337252
bracelet,0.022337252
hat,0.022304666
sets,0.022293649
house,0.02227611
luv,0.02226527
apply,0.02226527
easter,0.02226527
girly,0.02226527
sharp,0.02226527
floral,0.02226527
ended,0.022255045
exceeded,0.022255045
thighs,0.022213037
jumpsuit,0.022198365
issue,0.022146111
glass,0.022129725
half,0.022129725
dinner,0.022118927
why,0.022080493
lines,0.022049017
weigh,0.022049017
crazy,0.022042364
tape,0.022035778
anklet,0.02199032
rings,0.02199032
nude,0.02199032
liner,0.02199032
stickers,0.02199032
smells,0.02199032
trying,0.021984183
heart,0.0219503
blend,0.02194489
sleep,0.021944661
car,0.021918966
necklaces,0.021915254
flow,0.021915254
brushes,0.021915254
wanna,0.021885947
taking,0.02185402
walk,0.02185402
form,0.021822867
stretches,0.02177166
rlly,0.021699462
oper,0.021699462
jean,0.021699044
pigmented,0.021699044
loveeeeee,0.021699044
polish,0.021699044
chokers,0.021699044
navy,0.021637953
itttt,0.021637953
puppy,0.021637953
ittt,0.021637953
options,0.021637953
maternity,0.021637953
dad,0.021590565
