love this,3760.7765165827673
cute and,3356.967067054996
love the,2092.478887443744
good quality,2028.26585175666
love love,1702.8968586980072
super cute,1621.5754030945454
true size,1604.4810321965808
absolutely love,1367.8276890903892
cute love,1350.0273744906226
very cute,1347.43972559666
love these,1267.2404250371894
and comfortable,1253.5938347809472
very nice,1138.775014069217
fits perfectly,1118.0245081759601
perfect for,1079.89542245501
great quality,1002.2073877314664
love them,949.5781411189236
comfortable and,925.2140477949018
and fits,845.518618722045
very comfortable,809.2776459262506
highly recommend,789.3225610260928
and good,767.7075282392424
fit perfectly,755.5967212603872
quality and,746.6420510321966
and great,723.7807633065499
very good,675.6391562599911
nice and,655.2762331548676
and fit,615.2620007987687
and love,607.9250824611798
love much,562.6570397351351
fits well,543.1136901654525
and comfy,532.6005548635438
definitely recommend,528.8822012020623
very satisfied,528.4002261597757
perfect fit,528.2491116685488
good and,522.1493931077749
and very,510.0925837075643
fits great,505.0871751619588
just like,488.3501121977333
loved this,474.2273568284017
really good,466.963323335959
soft and,465.53179860082156
the color,427.1973553346936
and true,420.5753756046381
and perfect,414.92252407682065
color and,404.7655235928171
many compliments,383.4739611537619
good material,381.26069016219986
cute fits,363.8665008799992
fits perfect,356.65533445566876
fits very,354.1904393012659
beautiful and,352.1930931571212
this shirt,351.22972285623973
and looks,351.0222588939833
very well,346.74727497466614
and cute,345.9199431252456
fit perfect,343.666139150309
and nice,343.12692923657085
great and,332.74277889138875
thank you,328.9473579303091
really nice,315.7369678002475
perfectly and,312.6118821979673
looks great,311.58739850333217
the quality,301.1286058738915
great material,300.5190278754609
the colors,300.17804219678595
nice material,290.3075164858069
quality for,280.2339408292997
this much,279.85531717976846
really love,275.2366854402452
but love,274.9517868692484
the price,270.00082119465355
fit and,269.70988311328614
well and,269.05602162506335
size and,262.8580016413689
love very,254.01510064784122
and easy,252.28460579104623
for summer,252.27872459508538
but still,249.42004916864968
fits true,249.03262086659524
and the,248.53609138502395
great product,241.9490966359837
love fits,240.23453174978783
fit great,238.6786897668294
got many,235.10482818054217
love and,233.92218785011778
pretty and,231.95587144720344
well made,231.36971881829783
nice quality,221.38186240478527
was perfect,221.10001632600662
really cute,213.0384684220737
great for,210.8119592978057
this outfit,207.80239746861318
cute very,198.15983418492237
comfy and,197.658464706186
very beautiful,197.64684131078923
and super,196.1990029827864
great love,194.8630170198138
really really,193.21866660088827
satisfied with,190.6554261025043
cute loved,189.93816639057638
this product,186.4598376627041
exactly like,185.25353330332723
the cutest,185.04179270489607
love shein,183.4104541287861
will buy,183.40217867173936
this cute,181.91384071828557
very happy,179.53314298726693
love how,178.57563264002286
and flattering,177.99781260945466
very much,176.79048902368925
size love,175.196748884981
love with,173.62893539850677
very soft,172.87173193695915
this top,172.80829373450663
are perfect,172.09678457704834
love that,167.29219754792604
sexy and,166.55076091962238
very pretty,164.147963826515
loved the,161.73369665120345
cute for,161.03131411536177
perfect size,160.14158541748657
nice fit,157.81975016864988
the perfect,157.81975016864988
and they,157.79071786014615
and beautiful,156.188533888602
super comfortable,155.49397455498053
looks cute,154.50230135113296
such cute,151.32977055113392
quality good,150.4323850569918
fits good,149.79902664852247
very sexy,145.2061124454176
colors are,144.25274929938763
super sexy,143.70264548882662
and soft,142.47283568776368
this super,142.36486469157188
material good,141.02984610517376
great price,139.48088125780467
buy again,139.42546389221468
these are,138.9257665073644
this item,136.4683055413943
but cute,136.28067060153205
fits really,135.8477500051922
for vacation,134.45776233024455
fit true,134.39680705307873
really well,133.7604722214994
looks good,133.44377306293362
worth the,133.01620084605872
loves this,132.93126390948893
material great,132.23694955886876
will definitely,130.9815748858934
material and,129.05767717623317
fit good,127.94417132031515
for work,126.24138022682106
for the,125.98920123773601
are beautiful,125.35296733432003
and pretty,123.68662202692273
this dress,123.53708691775539
with purchase,121.11176755065767
from shein,120.94746305167288
shirt love,119.3572138266988
and material,119.28917542548193
nice love,119.03374831363476
perfect and,118.82055650898077
for points,118.19581332019399
comfortable love,117.86783400150112
great color,116.38234533594303
good product,116.21403665941318
loves them,116.21403665941318
the fit,115.7426829401625
this purchase,114.9007827647134
would definitely,113.97865168934614
loved them,113.84676304517617
the picture,112.78585113063865
can wait,111.8882603911131
shirt fits,110.61097942203479
material soft,109.12732010048785
love super,109.01451472085502
they fit,108.84508038509766
and she,108.60763708829684
beautiful color,108.60763708829684
quality great,107.55312949962106
goes with,106.09589395545916
and loved,106.09589395545916
nice color,105.26868298395043
soooo cute,103.60246094540052
but overall,102.75296438448693
still cute,102.73515567508409
adorable and,101.74948699034493
well love,101.74948699034493
perfect love,100.81303554950281
buy more,98.6517961932769
this great,97.4228502481081
every color,96.77882962632633
just right,96.69439767390375
are cute,95.552439851342
the way,95.27714712144132
material nice,94.97562041163842
are good,94.97562041163842
fits nice,94.81308962991808
fit love,94.5923387297666
please like,94.24608803422214
pretty love,93.75739488281889
and color,93.74714087085631
one favorite,92.94548213316922
would buy,92.0748769642127
bright and,91.76092176299765
cute like,91.76092176299765
like for,90.91183971532807
quality the,90.80460353619213
material fits,90.35213953338678
super soft,89.72240765682204
definitely buy,88.97656472050286
quality material,88.61495232850622
expected but,88.31199460163815
better than,88.01281747172206
love all,87.72137298013327
soft material,87.67437087979364
lots compliments,86.52541002881996
the pictures,86.38306632108132
loved these,86.15409738304801
just pictured,85.48061582003851
top love,84.76435780770882
love everything,84.14498722752325
and simple,83.37951151993553
and has,83.02110633708521
very comfy,82.86667828422986
color very,81.9996139742426
and quality,81.92628792161209
are great,81.56294154714043
different colors,81.02391365860164
these shorts,80.56667492024384
like picture,79.01889976995733
omg love,78.26264805455558
fits amazing,77.89018772735288
would recommend,77.46895177029216
looks nice,76.80818932818747
and will,76.72297289663551
and can,76.54997528466038
stylish and,76.53066587311079
exactly what,76.35804564369296
and really,76.1155027206677
super comfy,75.19643949979496
material true,75.17639007883015
cute will,75.17639007883015
this set,74.48507827798016
cute fit,73.87943250415384
this suit,73.62987270222213
quality very,72.95950347691934
wait wear,72.05069796654311
happy with,71.43358355811444
for any,71.14568514294612
nice for,70.54521402458555
not too,70.26356617582219
outfit for,69.81304779410337
the summer,69.66241044061836
these much,69.06479315399116
this very,68.94530231826683
pretty good,68.66096964171737
but like,68.48678402650053
other colors,67.79783268085126
price and,67.16458990824555
this color,66.60200212300307
nice fabric,65.84891590607157
nice shirt,64.726549995426
for little,64.53904613579674
dress and,64.53904613579674
like them,63.92239426722589
super nice,63.40704410150877
great buy,63.23505885541694
this such,63.23505885541694
you shein,62.350132837137295
look great,62.23879208295329
these they,62.23879208295329
top fits,62.23879208295329
and exactly,61.9370344671898
dress for,61.9370344671898
and are,61.40239055542667
absolutely beautiful,61.24713084971293
has good,60.645055606990205
love will,60.645055606990205
cute good,60.40604250131184
colors and,60.155243419231105
well with,59.41372922742196
this good,59.35920723870079
high quality,59.223751121890274
good fabric,59.05538122538722
but fits,58.64731453789887
light and,58.534809371177204
order more,58.42548831680067
light weight,58.40630044362612
looks just,57.128393116499616
cute got,56.833362121353105
cute really,56.806254077917345
quality looks,56.806254077917345
like lot,56.806254077917345
the photo,56.67783155147291
and feel,55.80418835517051
works well,55.80418835517051
love just,55.80418835517051
this fits,55.666760896421934
love perfect,55.53933178064614
feels great,55.53933178064614
makes feel,55.53933178064614
can dress,55.48558635460752
fits just,54.88848019932825
easy use,54.77082481075525
good fit,54.74274823652756
lightweight and,54.73039312717563
fits nicely,54.514025219174854
color perfect,54.27890519596911
the look,53.9861335301263
buying more,53.66166141948834
watch band,53.54673541667049
one favorites,53.025072546910934
look cute,53.025072546910934
this fit,52.74840684219359
how fits,52.598052646869476
looking for,52.38026723216191
are super,51.84964701513364
and cool,51.77793507910522
and flowy,51.77793507910522
material perfect,51.77793507910522
are very,51.32972659369038
size very,51.301768986920436
liked the,50.537597202501836
fits and,50.537597202501836
true the,50.537597202501836
soft fabric,50.486448690739216
loves these,50.486448690739216
gift for,50.486448690739216
cute top,50.282281202808505
such great,49.43857961752376
cute comfy,49.30416664207336
very true,49.30416664207336
and how,48.396085809887865
cute definitely,48.396085809887865
this favorite,48.0777545982466
going out,48.0777545982466
night out,48.0777545982466
this perfect,47.83511592977597
looks really,47.624292785595884
recommend you,47.35903429344387
fit very,46.97904634044925
looks amazing,46.898954951855124
material really,46.858475917856474
for baby,46.800605145717945
fast shipping,46.03812920059402
cute wore,45.64644927649935
nice very,45.64644927649935
really soft,45.64644927649935
size great,45.64644927649935
does the,45.64644927649935
color beautiful,45.30153478682298
and look,44.813396804903405
decent quality,44.44179737325226
new favorite,44.351278770573174
shirt and,44.316399633081815
wearing this,43.26665244135423
quality just,43.244647138824156
perfect with,43.244647138824156
baby girl,43.244647138824156
with everything,43.2011504362094
with jeans,42.73681377679346
exactly pictured,42.630955316680044
cute looks,42.375656653865164
much and,42.25787951727564
great shirt,42.25787951727564
definitely get,42.05512995831794
really like,42.03786149925977
cute shirt,41.32009727678515
also very,41.25498908309208
and got,40.99952756693596
shirt cute,40.96922401559538
shirt great,40.87338190990818
are adorable,40.87338190990818
really liked,40.47843192563196
dress down,40.34337991686345
very sturdy,39.69954402088177
will order,39.626945410037536
shirt much,39.267179527057806
shirt very,39.08330526731793
love looks,38.6882212297093
beautiful colors,38.53376254264982
the feel,38.53376254264982
this bikini,38.28242800496462
this swimsuit,37.956019978121134
fabric soft,37.80077057697019
this summer,37.595601550082534
dress fits,37.3761892465211
look good,36.44177293173288
works great,36.431932268825946
looks exactly,36.378505345883966
daughter loves,36.33166853657364
will work,36.22698174223406
breathable and,36.22698174223406
fabric very,36.22698174223406
look and,36.04148286059944
cute great,35.95958319567639
this piece,35.95958319567639
recommend buying,35.95958319567639
was great,35.73353958186301
for daughter,35.32602164197027
cute dress,35.16977190726374
and well,35.16977190726374
very very,35.15927513109269
and sturdy,35.08630382147945
this true,35.08630382147945
very useful,35.08630382147945
and just,34.909089253885455
nice just,34.406513347017864
beautiful dress,34.406513347017864
they work,34.406513347017864
the beach,34.29558130157932
flattering and,34.27015143292631
elegant and,33.95432582891355
these glasses,33.54402979591582
cute would,33.54402979591582
them and,33.37519725968147
should buy,32.831225063468345
and recommend,32.831225063468345
and classy,32.831225063468345
would highly,32.831225063468345
will buying,32.58716044017658
just what,32.52549886723123
must buy,31.950645740746648
pretty color,31.87180999960485
and light,31.833951602309124
for boyfriend,31.73735955608196
way this,31.71718621311583
shirt perfect,31.71718621311583
top fit,31.71718621311583
top super,31.568495892139282
very light,31.38834034928437
them they,31.09473069788935
are bright,30.6124018266469
color nice,30.6124018266469
nice soft,30.6124018266469
but good,30.38550888988964
cute little,30.142869463377092
well the,30.054793450372728
quality will,30.054793450372728
fit just,29.97044307051823
easy put,29.804222853310705
good for,29.71731305230213
the colour,29.517072826490054
these leggings,29.517072826490054
bathing suit,29.496421944284524
this bathing,29.26736610528342
wore this,28.916634617966576
and style,28.830312552963537
she loved,28.792665146082612
these pants,28.620016018956004
loved how,28.43140906713195
and glad,28.43140906713195
good purchase,28.43140906713195
great fabric,28.43140906713195
cute absolutely,28.43140906713195
love you,27.88173535092172
bit tight,27.88173535092172
was true,27.88173535092172
sooooo cute,27.88173535092172
very cool,27.88173535092172
cute can,27.873133390077793
nice fits,27.574676909718914
this looks,27.46554177981797
glad did,27.355629944324345
flowy and,27.355629944324345
cool and,27.355629944324345
cute have,27.355629944324345
design and,27.300299527871616
shirt the,27.09238289902849
very easy,26.97818029387086
like comment,26.97818029387086
for spring,26.75995301559531
she loves,26.746778225274486
that this,26.289965060986017
quality fabric,26.289965060986017
way they,26.289965060986017
size nice,26.289965060986017
shirt for,25.812140870165173
look just,25.812140870165173
thought but,25.79102302695559
top and,25.615176671099732
really recommend,25.234654956552394
still super,25.234654956552394
nice colors,25.234654956552394
cute cant,25.234654956552394
cute they,25.044317681347255
the style,25.008286819394808
looks very,24.576594188753962
this really,24.458830442967667
need points,24.404364864505258
good like,24.313055369115474
good buy,24.313055369115474
size fit,24.313055369115474
got lots,24.313055369115474
perfect the,24.313055369115474
loves the,24.313055369115474
this belt,24.30298760131847
runs true,24.189951907515095
fast delivery,24.189951907515095
and shiny,24.189951907515095
nice top,23.567099812481597
shirt super,23.563249053555182
quality amazing,23.563249053555182
shirt true,23.4403143262853
will look,23.4403143262853
wear this,23.416956206691488
the job,23.222725242471167
buy them,23.156120808055107
goes well,23.156120808055107
perfect color,23.156120808055107
quality super,23.156120808055107
just fine,23.156120808055107
love got,23.156120808055107
just buy,23.156120808055107
for beach,23.156120808055107
buy this,23.122440784868292
like need,22.927712936336075
like pictures,22.780077434954134
order again,22.69716876074188
and vibrant,22.57562969424957
and looked,22.57562969424957
fit nice,22.532223135360617
and colors,22.133440141044513
loveeee this,22.133440141044513
screen protector,22.11192776107493
really comfortable,22.003499751971944
size fits,21.84661431581594
are nice,21.803305933931032
got for,21.770156267914047
look nice,21.719153244317088
look amazing,21.719153244317088
like review,21.392786299191076
wait for,21.233617250242215
cute color,21.165954238351663
style and,21.165954238351663
definitely buying,21.12220305131506
color true,21.12220305131506
works good,21.12220305131506
looked good,21.12220305131506
very great,21.12220305131506
for trip,21.12220305131506
thing ever,21.12220305131506
all colors,20.87104258622628
how this,20.87104258622628
for son,20.52389306259204
this skirt,20.52389306259204
true fit,20.122718535022948
looks expensive,20.122718535022948
much the,20.122718535022948
really pretty,20.047529821186032
that they,19.971763674348953
cute outfit,19.819708546734297
way fits,19.714358745362325
but nice,19.714358745362325
picture and,19.49078493875408
them for,19.479151663297234
for birthday,19.20058036529823
item very,19.13531276124585
are exactly,19.13531276124585
still looks,19.13531276124585
shein the,19.13531276124585
watch bands,19.13531276124585
would get,19.13531276124585
such beautiful,19.13531276124585
super fast,19.13531276124585
any outfit,18.965201667611552
its good,18.965201667611552
favorite shirt,18.965201667611552
comfortable material,18.965201667611552
fabric and,18.775703246528384
was looking,18.583274799484762
nice the,18.574273153348706
and like,18.163967000014978
photo and,18.160330544717144
recommend and,18.160330544717144
and bright,18.160330544717144
pretty cute,18.160330544717144
described and,18.160330544717144
cute highly,18.160330544717144
not heavy,18.160330544717144
this tank,18.160330544717144
son loved,18.160330544717144
are favorite,18.160330544717144
like much,18.160330544717144
vibrant color,18.160330544717144
this out,18.160330544717144
but very,17.88515771785987
everything was,17.56563444189297
two piece,17.56563444189297
love lot,17.19813699194113
and weight,17.19813699194113
them with,17.19813699194113
excited use,17.19813699194113
matches the,17.19813699194113
came exactly,17.19813699194113
but works,17.19813699194113
area but,17.19813699194113
cute basic,17.19813699194113
well very,17.19813699194113
picture fits,17.19813699194113
and long,17.19813699194113
are comfortable,17.189189232899324
super flattering,16.761946901620274
color just,16.761009340845163
the product,16.558238106053164
this nice,16.544836047295817
feels good,16.544836047295817
wearing for,16.249119346981757
and matches,16.249119346981757
this are,16.249119346981757
think this,16.249119346981757
the items,16.249119346981757
fits comfortably,16.249119346981757
got from,16.249119346981757
top true,16.249119346981757
color cute,16.249119346981757
pretty well,16.04111407249304
and everything,16.04111407249304
bought them,15.96771474765966
recommend for,15.96771474765966
even better,15.96771474765966
this and,15.880248953823665
another color,15.852535059289659
quality this,15.328851858062809
very breathable,15.313689068152161
full coverage,15.313689068152161
set for,15.313689068152161
this sooo,15.313689068152161
how much,15.313689068152161
supper cute,15.313689068152161
pictures and,15.313689068152161
squat proof,15.313689068152161
bathing suits,15.313689068152161
all them,15.313689068152161
for christmas,15.183147834497785
like like,15.183147834497785
has the,15.183147834497785
exactly described,14.935342749402187
not bad,14.87277819239153
wear all,14.624358775729037
what wanted,14.582975334819297
every day,14.408465557886418
exactly how,14.408465557886418
for that,14.408465557886418
and design,14.408465557886418
these earrings,14.408465557886418
color was,14.408465557886418
love can,14.392284172883013
purchase the,14.392284172883013
comfortable they,14.392284172883013
are awesome,14.392284172883013
stretchy love,14.392284172883013
cute earrings,14.392284172883013
much will,14.392284172883013
good definitely,14.392284172883013
that love,14.392284172883013
nice design,14.392284172883013
but loved,14.392284172883013
overall very,14.392284172883013
get these,14.392284172883013
top cute,14.271366252693438
fit really,14.271366252693438
one for,14.02254232286956
very bright,13.927775852778613
like good,13.643897520744314
adorable love,13.643897520744314
good looks,13.643897520744314
cute soft,13.643897520744314
look exactly,13.643897520744314
top great,13.485371895512278
one very,13.485371895512278
much super,13.485371895512278
recommend cute,13.485371895512278
this two,13.485371895512278
freaking cute,13.239249340622646
just expected,13.239249340622646
good with,13.239249340622646
tight but,13.08361683660844
top very,13.08361683660844
beautiful the,12.889684262506924
multiple colors,12.889684262506924
really great,12.889684262506924
high waisted,12.795473486878006
cute summer,12.59345171200758
pretty fits,12.59345171200758
again and,12.59345171200758
soft stretchy,12.59345171200758
overall great,12.59345171200758
some more,12.59345171200758
comfortable nice,12.59345171200758
loves and,12.59345171200758
nice looking,12.59345171200758
many different,12.59345171200758
absolute favorite,12.59345171200758
will getting,12.59345171200758
dress cute,12.59345171200758
them you,12.59345171200758
great top,12.558931010569907
cannot wait,12.283987784038496
the sun,12.146078059665857
with any,12.146078059665857
pants they,12.146078059665857
and all,11.886978472358855
with all,11.886978472358855
shown the,11.886978472358855
piece set,11.717058797221984
this pants,11.717058797221984
day and,11.717058797221984
great colors,11.717058797221984
you and,11.717058797221984
time wear,11.717058797221984
for night,11.717058797221984
cute pants,11.717058797221984
size definitely,11.717058797221984
cool for,11.717058797221984
blouse and,11.717058797221984
beautiful very,11.717058797221984
size medium,11.717058797221984
buttery soft,11.717058797221984
this lot,11.717058797221984
order this,11.717058797221984
turned out,11.717058797221984
absolutely loves,11.717058797221984
got this,11.623893112633645
with anything,11.591936754728325
comfortable the,11.591936754728325
wait try,11.4133438064021
this cover,11.4133438064021
for myself,11.4133438064021
this with,11.4133438064021
shein for,11.4133438064021
paired with,11.223555517680229
but also,10.99919536275737
its cute,10.932742572355883
top can,10.856767994883002
flattering the,10.856767994883002
are absolutely,10.856767994883002
fit pretty,10.856767994883002
going buy,10.856767994883002
good true,10.856767994883002
usually size,10.856767994883002
soooo much,10.856767994883002
son and,10.856767994883002
these the,10.856767994883002
soft fits,10.856767994883002
boyfriend loved,10.856767994883002
made feel,10.856767994883002
fit him,10.691759985587733
cute was,10.691759985587733
and white,10.691759985587733
time and,10.691759985587733
all day,10.56883249119031
and these,10.56883249119031
they come,10.56883249119031
perfect just,10.56883249119031
the clothes,10.56883249119031
and would,10.28493451709349
with this,10.27769680595928
how they,10.113075422101794
looks and,10.113075422101794
swim suit,10.059160594682854
feels amazing,10.013198399051143
dress perfect,10.013198399051143
and smooth,10.013198399051143
and seems,10.013198399051143
what ordered,10.013198399051143
either way,10.013198399051143
outfit love,10.013198399051143
super cool,10.013198399051143
still really,10.013198399051143
blouse very,10.013198399051143
excited receive,10.013198399051143
when wear,10.013198399051143
color like,10.013198399051143
fits expected,10.013198399051143
points please,10.013198399051143
and fashionable,10.013198399051143
lil big,10.013198399051143
photo would,10.013198399051143
blue and,10.013198399051143
for every,10.013198399051143
give you,10.013198399051143
colors very,10.013198399051143
price very,10.013198399051143
the points,9.981619742054518
cute too,9.981619742054518
and summer,9.981619742054518
date night,9.981619742054518
for going,9.981619742054518
mom and,9.981619742054518
comfortable for,9.981619742054518
the green,9.981619742054518
smooth and,9.981619742054518
easy wear,9.922986691821093
bright colors,9.922986691821093
made and,9.832191446221335
not cheap,9.510684092658053
lbs and,9.510684092658053
color this,9.286202807544559
and thick,9.283232071958631
silky material,9.283232071958631
this sexy,9.283232071958631
work great,9.283232071958631
well good,9.283232071958631
bigger but,9.283232071958631
friend and,9.187018669520832
great stretch,9.187018669520832
true image,9.187018669520832
soft very,9.187018669520832
this brand,9.187018669520832
and happy,9.187018669520832
shirt will,9.187018669520832
size got,9.187018669520832
try out,9.187018669520832
and trendy,9.187018669520832
actually really,9.187018669520832
get some,9.187018669520832
comfy for,9.187018669520832
worked great,9.187018669520832
and length,9.187018669520832
like glove,9.09117052650756
for friend,8.915794432033293
wear them,8.721833133803786
and adorable,8.658673387151614
your body,8.658673387151614
soft the,8.658673387151614
you love,8.596923144377767
colors the,8.596923144377767
you guys,8.596923144377767
and received,8.596923144377767
shirt have,8.596923144377767
spring and,8.596923144377767
good stretch,8.596923144377767
put and,8.596923144377767
the outfit,8.441175078822955
buy now,8.378953234310185
suit for,8.378953234310185
looking good,8.378953234310185
summer top,8.378953234310185
sexy the,8.378953234310185
print and,8.378953234310185
cute look,8.378953234310185
much that,8.378953234310185
them great,8.378953234310185
also super,8.378953234310185
for easter,8.378953234310185
excellent product,8.378953234310185
how cute,8.378953234310185
and stays,8.378953234310185
buy for,8.378953234310185
green color,8.378953234310185
wore them,8.378953234310185
which love,8.378953234310185
and you,8.369735984183851
the shape,8.040599353070753
this style,8.040599353070753
this too,7.999683852639384
get more,7.999683852639384
fun and,7.923037774045291
tie the,7.923037774045291
getting this,7.923037774045291
more different,7.923037774045291
best quality,7.923037774045291
good shirt,7.923037774045291
useful and,7.923037774045291
small but,7.781624702416851
cute omg,7.74905035072402
this little,7.74905035072402
pictured and,7.74905035072402
super pretty,7.74905035072402
feels nice,7.74905035072402
definitely must,7.589789572416106
expensive than,7.589789572416106
dress great,7.589789572416106
little cheeky,7.589789572416106
this soft,7.589789572416106
nail art,7.589789572416106
live this,7.589789572416106
all time,7.589789572416106
comfortable too,7.589789572416106
with outfit,7.589789572416106
shirt that,7.589789572416106
size soft,7.589789572416106
much would,7.589789572416106
good would,7.589789572416106
fabric fits,7.589789572416106
one fits,7.589789572416106
are adjustable,7.589789572416106
shirt bought,7.589789572416106
summer dress,7.589789572416106
all love,7.589789572416106
just shown,7.589789572416106
material has,7.589789572416106
worth buying,7.589789572416106
too heavy,7.589789572416106
top ever,7.589789572416106
very shiny,7.589789572416106
ordered fits,7.589789572416106
the outfits,7.589789572416106
the money,7.574637112049888
feel and,7.43219055978863
material for,7.43219055978863
match with,7.43219055978863
shorts they,7.43219055978863
just described,7.387453046045328
little see,7.387453046045328
for sure,7.336312796084894
these super,7.261941067465506
large the,7.261941067465506
set was,7.261941067465506
need the,7.261941067465506
super great,7.261941067465506
but great,7.261941067465506
get your,7.261941067465506
and feels,7.2555550044987935
the dress,7.2555550044987935
black and,7.026737112472807
use them,7.026737112472807
cute not,6.9311112921802
are soft,6.833666403057017
really comfy,6.820386822808245
bought size,6.820386822808245
this exactly,6.820386822808245
sexy can,6.820386822808245
great outfit,6.820386822808245
move around,6.820386822808245
for gift,6.820386822808245
dress super,6.820386822808245
surprised the,6.820386822808245
hair clip,6.820386822808245
works really,6.820386822808245
perfect summer,6.820386822808245
for his,6.820386822808245
high waist,6.820386822808245
sheer and,6.820386822808245
true its,6.820386822808245
too and,6.820386822808245
absolutely cute,6.820386822808245
and oversized,6.820386822808245
like the,6.816678531766768
cute bathing,6.614020268702368
fit super,6.614020268702368
came time,6.614020268702368
and actually,6.614020268702368
cute glasses,6.614020268702368
cute blouse,6.614020268702368
were perfect,6.614020268702368
fits him,6.614020268702368
love really,6.614020268702368
nice product,6.613952131072352
color looks,6.613952131072352
cute nice,6.485636704098048
and definitely,6.485636704098048
great size,6.245256485794671
these with,6.071686036077891
great length,6.071686036077891
shorts for,6.071686036077891
she was,6.071686036077891
product would,6.071686036077891
color much,6.071686036077891
too love,6.071686036077891
for new,6.071686036077891
length perfect,6.071686036077891
months and,6.071686036077891
wear large,6.071686036077891
the and,6.071686036077891
skirt very,6.071686036077891
holds the,6.071686036077891
this bodysuit,6.071686036077891
this size,6.071686036077891
soooooo cute,6.071686036077891
comfortable not,6.071686036077891
love itttt,6.071686036077891
top soft,6.071686036077891
item much,6.071686036077891
color will,6.071686036077891
that fits,6.071686036077891
stretch material,6.071686036077891
which nice,6.071686036077891
comfortable very,6.071686036077891
top that,6.071686036077891
you know,6.058639408746982
product just,5.979686836068999
cheeky but,5.979686836068999
great the,5.951443611898206
weight and,5.886070835562894
sooo cute,5.859777355025549
beautiful just,5.667201347437033
the big,5.667201347437033
beautiful blouse,5.511692478263294
cute this,5.511692478263294
with black,5.42426903630008
like these,5.372577581358126
picture very,5.372577581358126
cute swimsuit,5.359378786996083
item was,5.359378786996083
design the,5.359378786996083
