lovinge,921803.6535
cute,511172.8155
and,501254.899
good,437498.7046
great,426205.8244
perfect,397778.21
quality,365627.6121
nice,345284.2358
fits,342872.5863
very,340700.0999
comfortable,332287.0943
lovinged,281693.1187
beautiful,278897.3222
perfectly,269331.4474
TRUE,258490.3281
amazing,237756.6284
super,232789.8512
recommend,229646.2047
absolutely,228928.5525
this,195353.8839
sexy,182668.074
comfy,181225.1937
well,179053.0433
much,170718.0729
soft,167394.4034
compliments,165763.5355
color,162983.4024
highly,158326.9041
lovinges,149369.512
colors,148388.745
reallyy,145031.6069
satisfied,140035.331
price,136289.623
summer,133721.0865
definitely,129792.7568
purchase,128506.9115
outfit,125178.0097
excellent,120732.4704
awesome,118803.0119
such,117901.3289
product,117407.6043
lovingely,113610.9731
these,108941.2288
everything,107396.7834
thank,106313.7589
exactly,103972.2615
adorable,103353.7045
stylish,100448.2783
gorgeous,99987.35118
cutest,98331.03173
elegant,97116.61409
nicely,95457.04616
dress,93622.9531
vibrant,93262.54579
simple,89244.84654
favorite,89007.95049
buy,86707.98696
fun,85536.51947
many,84846.41371
birthday,84227.22095
son,83217.70055
classy,80946.05836
shein,80449.02734
pretty,80262.3972
vacation,79969.79067
fit,78411.59207
wonderful,77510.0387
affordable,75828.50889
works,75536.89392
overall,74679.07344
recommended,74305.00767
bright,73576.65366
boyfriend,73336.62331
shades,72994.74683
beautiful,70753.2941
casual,70433.06195
sturdy,70252.50152
points,69398.17799
happy,66951.46775
gift,65833.00886
cool,65080.6372
lingerie,65025.73995
thanks,64819.65764
gives,64779.69631
wore,64538.91369
them,63556.03492
totally,62035.85746
light,61774.72729
variety,61684.49004
flowy,61387.41669
soooo,61271.27128
fantastic,60994.39736
stunning,60646.42114
outfits,59328.84771
trendy,58270.0788
hugs,58270.0788
lots,58056.82043
pleased,57887.68927
charms,57547.83623
everyday,57443.01311
clothing,57443.01311
breathable,57254.73198
husband,57150.25219
beautifully,56304.03187
wow,55786.47831
versatile,55547.45678
spring,54348.11887
lovinging,54184.4062
expectations,53609.52038
value,53213.49822
colour,52536.79665
fast,52457.47513
colorful,52227.1879
daughter,52101.80231
unique,51018.86385
favorites,50198.12061
worth,50189.56055
airy,49507.4887
lightweight,49118.94169
durable,48990.14952
again,48934.50769
adore,48645.73854
dressed,48364.17143
excited,48147.27397
brand,48088.96919
cruise,48088.96919
fashion,47656.693
workout,47530.55009
beach,47227.29918
chic,47220.73663
service,46874.88713
wedding,46874.88713
regret,46874.88713
holds,46857.151
products,46857.151
fashionable,46781.00831
impressed,46781.00831
dressy,46337.41251
romper,46337.41251
curves,46256.31262
confident,45963.96162
enjoy,45963.96162
styles,45889.84973
family,45824.94448
sooooo,45659.77436
trip,45659.77436
decent,45177.12092
sparkly,45034.66724
office,44982.40397
surprised,44960.92993
feminine,44562.77348
dainty,44085.84238
purchasing,43678.62411
delicate,43116.19768
addition,43116.19768
night,42688.48007
incredibly,42623.12506
every,42328.43004
absolute,41664.55903
event,41619.50184
cozy,41619.50184
excellent,41170.79094
disappoint,41108.52454
rich,41108.52454
occasion,40835.04478
customer,40591.13001
fancy,40166.87196
shopping,40112.33238
valentines,40067.06966
omg,39839.2784
appreciate,39536.07841
held,39536.07841
theses,39536.07841
lovingeeee,39232.33719
charm,39139.92211
sleek,38997.87316
enjoyed,38997.87316
jewelry,38581.45511
surprise,38452.15098
disappoints,38452.15098
flows,38452.15098
gifts,38452.15098
coverup,37898.58715
earring,37898.58715
website,37898.58715
accessories,37552.85416
live,37360.0067
samsung,37336.8329
weather,37279.52856
cuteee,36948.16824
exceeded,36766.51279
details,36355.28756
stays,36355.28756
friends,36093.32864
amazingly,35904.37585
liked,35719.72028
hope,35687.21195
brings,35598.52208
peaches,35598.52208
weekend,35598.52208
easy,35456.55246
comfort,35304.89158
outstanding,34999.93876
reminds,34999.93876
wardrobe,34799.49286
buttery,34767.78998
choice,34764.96833
freaking,34741.91642
tee,34601.5332
classic,34390.95582
finance,34390.95582
belts,34390.95582
multiple,34175.8099
basic,34016.96472
fresh,33812.96077
comfortably,33773.76628
upcoming,33771.01064
pearls,33771.01064
daily,33771.01064
silky,33686.37573
pajamas,33598.29439
piece,33498.23929
strong,33343.1566
touch,33192.34602
several,33192.34602
four,33139.48802
blends,33139.48802
toys,33139.48802
fabulous,33139.48802
buying,33078.45132
watch,33008.70726
glad,32653.49827
lounge,32495.71297
bold,32495.71297
sooooooo,32495.71297
please,32305.03472
pool,31987.04128
gym,31911.59263
helps,31911.59263
bracelets,31838.94228
dream,31838.94228
smooth,31801.22467
considering,31776.12901
adds,31776.12901
tint,31776.12901
occasions,31168.35444
neutral,31168.35444
provides,31168.35444
simply,31168.35444
protected,31168.35444
satisfying,31168.35444
during,30826.25522
accessory,30511.25121
detailing,30483.03759
blush,30483.03759
butter,30483.03759
present,30483.03759
sheglam,30483.03759
later,30483.03759
graphic,30234.24014
useful,30164.9968
added,29862.35705
matches,29811.75557
bathing,29810.006
types,29781.97494
sooooooooo,29781.97494
shop,29634.10567
picture,29589.06517
season,29201.7736
pant,29201.7736
protection,29201.7736
guy,29064.02709
nonetheless,29064.02709
bikinis,29064.02709
handsome,29064.02709
sweat,29064.02709
message,29064.02709
perfecto,29064.02709
bands,28941.8261
ties,28528.90763
item,28475.2241
complements,28327.91024
cuteeeeeee,28327.91024
sugar,28327.91024
grandma,28327.91024
favs,28327.91024
holder,28327.91024
formal,28327.91024
swimwear,28327.91024
photoshoot,28327.91024
design,28239.07627
matching,28144.26948
bikini,28102.68464
tan,27995.91241
knee,27843.11705
gusta,27843.11705
continue,27843.11705
projects,27572.16921
penny,27572.16921
highlighter,27572.16921
barbie,27572.16921
adjusted,27572.16921
pleasantly,27572.16921
watermelon,27572.16921
gosh,27572.16921
boho,27572.16921
owned,27572.16921
become,27572.16921
cousin,27572.16921
hesitate,27572.16921
itt,27572.16921
seriously,27143.70535
layer,27143.70535
sun,26894.21123
christmas,26894.21123
vegas,26795.14359
vivid,26795.14359
exceptional,26795.14359
switch,26795.14359
breezy,26795.14359
nervous,26795.14359
set,26663.50212
roomy,26500.56393
functional,26429.91513
finish,26429.91513
hip,25994.92476
evening,25994.92476
joy,25994.92476
flowing,25994.92476
fairy,25994.92476
bank,25994.92476
practical,25994.92476
sassy,25994.92476
seller,25994.92476
spandex,25994.92476
moon,25994.92476
staple,25844.79007
protects,25844.79007
day,25717.42143
luv,25700.92074
apply,25700.92074
easter,25700.92074
girly,25700.92074
sharp,25700.92074
floral,25700.92074
new,25460.34831
wrist,25178.39102
leather,25178.39102
percent,25169.30065
amazed,25169.30065
layered,25169.30065
inexpensive,25169.30065
smile,25169.30065
impressive,25169.30065
cuteeeeeeeeeee,25169.30065
approved,25169.30065
receiving,25169.30065
perfection,25169.30065
neat,25169.30065
partner,25169.30065
boom,25169.30065
ton,25169.30065
coverage,25136.84428
necklaces,24955.81973
flow,24955.81973
brushes,24955.81973
comment,24732.60535
matte,24500.91273
claw,24315.68353
aunt,24315.68353
lays,24315.68353
detailed,24315.68353
romantic,24315.68353
events,24315.68353
neon,24315.68353
ensuring,24315.68353
superrrr,24315.68353
jump,24315.68353
dots,24315.68353
delighted,24315.68353
thickness,24315.68353
cleavage,24315.68353
tennis,24315.68353
workouts,24315.68353
capri,24315.68353
nights,24315.68353
dressing,24315.68353
yay,24315.68353
yesss,24315.68353
clients,24315.68353
diverse,24315.68353
solid,24034.96936
suits,23443.78117
pouch,23431.01415
fourth,23431.01415
thumbs,23431.01415
skims,23431.01415
lovingeeeeeeeeee,23431.01415
catching,23431.01415
honeymoon,23431.01415
edge,23431.01415
total,23431.01415
shell,23431.01415
itttttt,23431.01415
tinted,23431.01415
silicone,23431.01415
ease,23431.01415
hermosa,23431.01415
spouse,23431.01415
create,23431.01415
lasting,23431.01415
choker,23431.01415
shimmer,23431.01415
bundle,23431.01415
pastel,23431.01415
liquid,23431.01415
girlfriend,23431.01415
process,23431.01415
jumper,23431.01415
superb,23431.01415
features,23431.01415
capris,23413.24283
shirt,23402.81455
warm,23399.51912
prefect,23110.7464
packaged,23110.7464
clips,22845.71689
pictured,22843.51219
anyone,22779.45691
shine,22613.47996
blouse,22520.50653
creamy,22511.6319
complexion,22511.6319
holidays,22511.6319
sparkle,22511.6319
fluffy,22511.6319
alwalways,22511.6319
sophisticated,22511.6319
statement,22511.6319
accentuates,22511.6319
underwire,22511.6319
step,22511.6319
showy,22511.6319
belloooo,22511.6319
organized,22511.6319
tearing,22511.6319
backs,22511.6319
express,22511.6319
personal,22511.6319
dangle,22511.6319
cases,22511.6319
recommend,22511.6319
themmm,22511.6319
bro,22511.6319
swear,22511.6319
cuteeeeeeeeeeeeeeee,22511.6319
itema,22511.6319
embroidery,21793.00695
vacay,21793.00695
cardigan,21793.00695
above,21669.99418
foundation,21669.99418
places,21669.99418
school,21628.14977
swimmy,21553.09505
spice,21553.09505
faves,21553.09505
much,21553.09505
anime,21553.09505
general,21553.09505
relaxed,21553.09505
omgg,21553.09505
palette,21553.09505
assemble,21553.09505
holiday,21553.09505
payoff,21553.09505
providing,21553.09505
usa,21553.09505
rainbow,21553.09505
sunny,21553.09505
asymmetrical,21553.09505
onesies,21553.09505
bath,21553.09505
stronger,21553.09505
serves,21553.09505
age,21553.09505
craftsmanship,21553.09505
elevate,21553.09505
exercise,21553.09505
softness,21553.09505
favourite,21553.09505
shark,21553.09505
pleasure,21553.09505
concerned,21553.09505
essential,21553.09505
momma,21553.09505
willing,21553.09505
grand,21553.09505
brilliant,21553.09505
cloths,21553.09505
customers,21553.09505
greatly,21553.09505
prices,21485.63848
flattering,21305.0557
frame,20950.34939
trust,20950.34939
proof,20929.13297
headband,20929.13297
tone,20812.11072
detail,20709.11826
everyone,20623.4616
seeking,20549.92529
cheekier,20549.92529
key,20549.92529
cuffs,20549.92529
aspect,20549.92529
sooooooooooo,20549.92529
reliable,20549.92529
gorg,20549.92529
displayed,20549.92529
wear,20549.92529
hairstyles,20549.92529
gentle,20549.92529
celebrate,20549.92529
rly,20549.92529
tropical,20549.92529
durability,20549.92529
truth,20549.92529
definite,20549.92529
trends,20549.92529
niceee,20549.92529
five,20549.92529
sport,20549.92529
tanning,20549.92529
doc,20549.92529
waistline,20549.92529
accent,20549.92529
pleasant,20549.92529
lights,20549.92529
hawaii,20549.92529
various,20549.92529
surely,20549.92529
traveling,20549.92529
town,20549.92529
thanksgiving,20549.92529
provide,20549.92529
seductive,20549.92529
iwatch,20549.92529
corset,20549.92529
reality,20549.92529
eyeglass,20549.92529
meets,20549.92529
bahamas,20549.92529
robe,20549.92529
scalloped,20549.92529
twinkle,20549.92529
grateful,20549.92529
skin,20410.92825
handy,20173.71522
matched,20173.71522
repurchase,20173.71522
niece,20128.28924
glow,20083.86329
sold,20083.86329
app,20083.86329
sunglasses,19903.40122
baby,19758.39715
reflective,19495.23379
surprising,19495.23379
crotchless,19495.23379
activities,19495.23379
muchhh,19495.23379
previously,19495.23379
teddy,19495.23379
relaxing,19495.23379
listed,19495.23379
results,19495.23379
compact,19495.23379
stretchy,19495.23379
reallyy,19495.23379
effective,19495.23379
diamonds,19495.23379
looove,19495.23379
parties,19495.23379
husbands,19495.23379
appealing,19495.23379
spent,19495.23379
themselves,19495.23379
timely,19495.23379
upgrade,19495.23379
feeling,19495.23379
dreamhouse,19495.23379
fraction,19495.23379
socks,19495.23379
generous,19495.23379
mode,19495.23379
veryyyy,19495.23379
moving,19495.23379
windbreaker,19495.23379
bien,19495.23379
bye,19495.23379
niceeee,19495.23379
cuteeeeeeeeee,19495.23379
caribbean,19495.23379
paws,19495.23379
deeper,19495.23379
pride,19495.23379
likeee,19495.23379
twins,19495.23379
loosen,19495.23379
havnt,19495.23379
upon,19495.23379
buena,19495.23379
supports,19495.23379
smoothly,19495.23379
flatters,19495.23379
messy,19495.23379
unbeatable,19495.23379
dancing,19495.23379
headbands,19495.23379
silhouette,19495.23379
bike,19495.23379
causal,19495.23379
lifts,19495.23379
gusto,19495.23379
vibe,19433.77729
seen,19433.77729
play,19403.00057
collection,19403.00057
errands,19191.70779
tons,19191.70779
babies,19191.70779
recently,19191.70779
shoes,19016.19104
without,18640.90196
posture,18380.15343
comforting,18380.15343
smmm,18380.15343
abs,18380.15343
acrylic,18380.15343
likee,18380.15343
impeccable,18380.15343
derby,18380.15343
dupes,18380.15343
lululemon,18380.15343
comfty,18380.15343
structure,18380.15343
crafting,18380.15343
abt,18380.15343
ahhh,18380.15343
spacious,18380.15343
blushes,18380.15343
means,18380.15343
retro,18380.15343
links,18380.15343
picky,18380.15343
spectacular,18380.15343
smudge,18380.15343
installed,18380.15343
lacey,18380.15343
period,18380.15343
practice,18380.15343
iffy,18380.15343
worries,18380.15343
busy,18380.15343
biggest,18380.15343
carefully,18380.15343
lunch,18380.15343
headphones,18380.15343
rhinestone,18380.15343
squeeze,18380.15343
hydrating,18380.15343
prettiest,18380.15343
packing,18380.15343
emery,18380.15343
preferences,18380.15343
snagged,18380.15343
wonders,18380.15343
brace,18380.15343
begin,18380.15343
com,18380.15343
gauges,18380.15343
slacks,18271.81231
selection,18271.81231
suit,18248.10387
dog,17976.57118
swimsuit,17965.54657
spot,17812.41718
business,17787.59191
combo,17321.83658
muchh,17321.83658
grandson,17281.7644
swatches,17192.9383
chargers,17192.9383
happily,17192.9383
character,17192.9383
evident,17192.9383
prompt,17192.9383
ironing,17192.9383
esp,17192.9383
sexyyy,17192.9383
jamaica,17192.9383
mainly,17192.9383
plaid,17192.9383
daddy,17192.9383
firs,17192.9383
sensitive,17192.9383
shrinkage,17192.9383
seasons,17192.9383
priced,17192.9383
greta,17192.9383
tea,17192.9383
gifting,17192.9383
imperfections,17192.9383
dangles,17192.9383
couples,17192.9383
breeze,17192.9383
thousand,17192.9383
powerful,17192.9383
crafts,17192.9383
mustard,17192.9383
trips,17192.9383
previous,17192.9383
happier,17192.9383
amazinggg,17192.9383
manner,17192.9383
roughly,17192.9383
walks,17192.9383
functionality,17192.9383
lite,17192.9383
undertone,17192.9383
flaws,17192.9383
boat,17192.9383
fringe,17192.9383
grown,17192.9383
keychain,17192.9383
shinny,17192.9383
routine,17192.9383
hugging,17192.9383
comfortable,17192.9383
grad,17192.9383
complement,17192.9383
lovingers,17192.9383
veryy,17192.9383
flexibility,17192.9383
pallet,17192.9383
shiney,17192.9383
rally,17192.9383
rhe,17192.9383
born,17192.9383
welll,17192.9383
decide,17192.9383
speaks,17192.9383
genuine,17192.9383
pens,17192.9383
alternative,17192.9383
comparable,17192.9383
cutesy,17192.9383
dreams,17192.9383
keychains,17192.9383
teal,17192.9383
saving,17192.9383
detach,17192.9383
gooddd,17192.9383
peplum,17192.9383
scrunchie,17192.9383
bits,17192.9383
suuuuper,17192.9383
frikin,17192.9383
lets,17192.9383
dinosaurs,17192.9383
alllll,17192.9383
timeless,17192.9383
opportunity,17192.9383
edgy,17192.9383
laugh,17192.9383
adorbs,17192.9383
allowed,17192.9383
specially,17192.9383
variation,17192.9383
experience,16990.74559
lovingee,16990.74559
style,16743.51093
mother,16339.12151
hey,16339.12151
seeing,16339.12151
areas,16339.12151
bear,16339.12151
cost,16339.12151
cats,16339.12151
delivered,16150.15569
issues,16150.15569
stuff,16114.33121
mothers,15917.45592
client,15917.45592
styling,15917.45592
platform,15917.45592
quality,15917.45592
flats,15917.45592
boost,15917.45592
jeep,15917.45592
material,15917.45592
user,15917.45592
roses,15917.45592
slits,15917.45592
bubble,15917.45592
cancun,15917.45592
timing,15917.45592
powder,15917.45592
thou,15917.45592
connect,15917.45592
cellulite,15917.45592
baseball,15917.45592
shy,15917.45592
bridesmaids,15917.45592
cuteness,15917.45592
individuals,15917.45592
advisable,15917.45592
ren,15917.45592
veryyyyy,15917.45592
pilates,15917.45592
scrapbooking,15917.45592
completed,15917.45592
compartments,15917.45592
boxes,15917.45592
impresses,15917.45592
dropping,15917.45592
deals,15917.45592
offering,15917.45592
secures,15917.45592
shrug,15917.45592
urban,15917.45592
sweaters,15917.45592
cutenesss,15917.45592
sing,15917.45592
cinched,15917.45592
winner,15917.45592
performance,15917.45592
soso,15917.45592
adored,15917.45592
reallyy,15917.45592
watches,15917.45592
island,15917.45592
per,15917.45592
legit,15917.45592
delicious,15917.45592
moisturizing,15917.45592
cake,15917.45592
blocking,15917.45592
charts,15917.45592
privacy,15917.45592
caramel,15917.45592
enjoyment,15917.45592
unzip,15917.45592
wishlist,15917.45592
bronzer,15917.45592
loser,15917.45592
descriptions,15917.45592
sooooooooooooooo,15917.45592
depends,15917.45592
enjoys,15917.45592
accentuating,15917.45592
resin,15917.45592
allows,15917.45592
substitute,15917.45592
jumpsuits,15917.45592
garments,15917.45592
elegance,15917.45592
flawless,15917.45592
encourage,15917.45592
goddaughter,15917.45592
reflecting,15917.45592
beaded,15917.45592
students,15917.45592
hotttt,15917.45592
bounce,15917.45592
country,15917.45592
obsession,15917.45592
sandal,15917.45592
jewels,15917.45592
sorting,15917.45592
tela,15917.45592
active,15917.45592
yesterday,15917.45592
jelly,15917.45592
finishing,15917.45592
counted,15917.45592
swim,15917.45592
knitted,15917.45592
camping,15917.45592
peace,15917.45592
dreamed,15917.45592
themm,15917.45592
shakala,15917.45592
member,15917.45592
effort,15917.45592
really,15917.45592
tysm,15917.45592
edc,15917.45592
hsnsjnsnsbsjsbdndndndnndndndndndndnsbdbdbbdbdbdbdbdndnndbdbdbfbdbdbdbdhdhbdbdbdbsbsbsbdbdbdbbdndjsnsnsnsnndndndnsnsnsnsnnsnsndndndndnrjdjdhsnksosiduhxbdjjdjjhg,15917.45592
played,15917.45592
yorkie,15917.45592
entirely,15917.45592
repurchased,15917.45592
balance,15917.45592
flirty,15917.45592
kim,15917.45592
karma,15917.45592
sealed,15917.45592
bhaddie,15917.45592
tys,15917.45592
measure,15917.45592
ballin,15917.45592
latest,15917.45592
curly,15917.45592
charming,15917.45592
reminder,15917.45592
butterfly,15917.45592
firm,15917.45592
innocent,15917.45592
corner,15917.45592
serious,15917.45592
sea,15917.45592
magic,15917.45592
kissed,15917.45592
sunglass,15917.45592
flex,15917.45592
rayon,15917.45592
luxury,15917.45592
velvet,15917.45592
loving,15917.45592
bid,15917.45592
sexyyyy,15917.45592
exercising,15917.45592
spruce,15917.45592
efficient,15917.45592
thisus,15917.45592
breastfeeding,15917.45592
activity,15917.45592
again,15917.45592
magnetic,15917.45592
peach,15917.45592
hes,15917.45592
discover,15917.45592
challenge,15917.45592
view,15917.45592
lovingeeeeeeeeeeeeeee,15917.45592
kiddo,15917.45592
elf,15917.45592
hates,15917.45592
buys,15917.45592
cater,15917.45592
baggie,15917.45592
multi,15917.45592
shirt,15917.45592
merchandise,15917.45592
makeup,15748.69448
tshirt,15748.69448
pounds,15748.69448
cuteeee,15573.5958
perf,15320.6285
modern,15320.6285
sets,15289.53754
cheeky,15219.41649
fav,15219.41649
working,15049.47348
wife,15016.74636
llovinge,14530.48059
wen,14530.48059
includes,14530.48059
dis,14530.48059
contemporary,14530.48059
books,14530.48059
speed,14530.48059
topp,14530.48059
muchhhh,14530.48059
esta,14530.48059
enjoying,14530.48059
xxxl,14530.48059
safely,14530.48059
files,14530.48059
lycra,14530.48059
berries,14530.48059
turning,14530.48059
slims,14530.48059
lord,14530.48059
sheerness,14530.48059
weave,14530.48059
martial,14530.48059
girlie,14530.48059
ice,14530.48059
crystal,14530.48059
skorts,14530.48059
beautifuls,14530.48059
closely,14530.48059
bunched,14530.48059
bearer,14530.48059
recommendation,14530.48059
wallet,14530.48059
gifted,14530.48059
