wash,22509.32937662587
polyester,20988.774142583177
stretch,18898.39257417029
clean,18459.54153616601
dry,18423.206841282663
fabric,16832.06813839439
regular,16798.611109421818
sleeve,15603.767057349603
elastane,13540.458672247049
machine,13051.567929572664
black,9937.150765397328
fit,8748.718819968039
professional,7870.179493508536
blue,6660.896190348467
casual,6590.393031351948
plain,6566.434266698574
not,6023.098111957118
short,5732.16242324933
pink,5528.239066866423
neck,5091.3657826268445
white,5042.545136031646
knitted,3890.9752665096917
high,3889.047022304747
multicolor,3675.375
green,3674.842390255715
slight,3240.391304347826
non,3184.0711635910448
long,2523.8886942453696
round,2367.3213821354693
medium,2177.7125545349018
unlined,2108.6617931818014
red,2017.6796938411148
slim,1975.3758137388913
woven,1948.740314279971
sheer,1827.8589112547916
hand,1720.999973588294
galaxy,1627.0379728873543
print,1598.5731144933447
sexy,1587.781668415408
sleeveless,1558.550536738601
yellow,1398.12184458569
crop,1356.8010505999362
purple,1296.191012349595
cotton,1259.6928000312023
waist,1256.7056361773828
all,1205.0702951285111
over,1196.742135253878
hot,1174.6311991881878
gold,1156.240808251753
yes,1152.70991905176
colorblock,1135.7438249498002
size,1130.5853207694088
grey,1118.7505906143692
loose,1026.128018829335
ruffle,1023.3634385069302
floral,962.1754728579372
the,960.0
letter,953.0374186927664
one,937.5825803480284
semi,931.4184746933034
button,898.4237048661097
dark,896.9116731599324
piece,886.8849864974666
boho,885.6115036662571
knot,874.7214136598872
set,873.2422821493091
shorts,872.0306760659283
watch,849.0005837161965
contrast,831.5475303330243
asymmetrical,828.4205655992935
polyamide,807.5262796390545
viscose,799.6834636563735
soft,795.6106068097392
strap,745.045914950626
brown,726.7911569266663
backless,719.4696178251388
silver,713.1652341237553
with,703.5975447302919
detergent,694.77446902867
baby,644.4014001823413
spaghetti,639.3524772486101
navy,636.3961030678928
padding,620.340144385999
pocket,612.1491344774818
lined,604.5714285714286
apricot,585.9689058479892
orange,580.3259651320554
lace,574.1937760567521
natural,567.1134340313439
iphone,555.3017276867863
plants,525.8440258442888
out,510.3724876896052
free,500.0469977912076
collar,493.345135860204
cut,484.6080696109749
pro,446.9102392033124
and,438.2842915489662
halter,438.2693235899588
top,418.63728970060566
rise,414.3676475031531
zipper,410.23076206654144
shoulder,394.3737097612107
ruched,392.3256464265836
xxl,388.1618771300743
mesh,380.58548708154814
removable,380.10227534971085
geometric,376.2957833357841
cartoon,368.98526203021396
knit,358.0533919424329
rib,358.0533919424329
khaki,356.45311547160276
rose,353.6169413029735
hem,353.0090432487313
flared,348.83055010731505
wireless,328.34585424518457
women,327.9081650491222
striped,325.860263598379
pcs,312.0436628498526
tee,302.31639055797154
royal,293.06902692958624
dusty,290.15284466523286
bra,281.72402909838655
ipad,272.1911093331301
flounce,271.1630722733202
burgundy,265.09090909090907
thongs,264.09153755125436
slogan,260.8766286669148
drop,260.1
elegant,259.2379236826063
petite,256.41016570511215
fall,241.30957944373682
light,232.26117413818477
samsung,222.08112552801393
alloy,220.7261136371936
drawstring,219.32336136879096
shirred,213.48721348732022
tie,208.98022597481526
army,204.18789171239123
spring,202.94794438936339
cute,202.36861903717804
mini,199.73366882310668
split,192.61736493723072
tank,191.62798781567818
inch,189.57056733575496
animal,188.93425412283602
series,187.06148721743875
half,180.5
shirt,175.62995188748414
coffee,173.86317386326078
cami,173.86317386326078
batwing,172.59101118788644
cross,172.46696098551442
triangle,172.219336893393
bow,169.8035516526264
criss,165.02739940140694
low,153.0588530598606
ultra,152.12776585113298
boys,151.94744157109062
water,151.01712842231865
resistant,151.01712842231865
sets,150.08298517495044
square,147.69290709169078
leg,145.6423102662222
girls,143.3886806044682
cap,131.27849234810512
cup,130.2529008575939
zinc,127.18159416651784
frill,127.01156821934947
length,123.99868512626848
poolside,122.67245784972933
use,122.67245784972933
recommended,122.67245784972933
stand,120.97382637028005
street,119.20791213585395
camisole,118.19244707448334
denim,116.871819623989
pattern,114.48668044798923
xxs,114.26485523929544
skinny,112.47654245548148
straight,109.9524999206747
twist,109.90088509859484
for,109.48887413487287
glass,108.85376822665744
apple,108.79853497231115
textured,108.1209472789909
binding,106.77777777777777
back,106.06601717798213
mint,104.62287486943735
beige,103.09616869699863
scoop,101.2445024451319
graphic,101.2445024451319
bikinis,98.0
figure,97.57219549304676
anti,96.58174430674428
puff,96.57142857142857
track,96.0
front,94.11349531284023
full,94.02665845386615
tropical,93.74433316206373
color,92.08708000056416
ditsy,89.53838733759696
straps,89.34509194435614
micro,88.87872957816494
rhinestone,83.3411662985346
strapless,82.6159200390726
heart,80.66666666666667
line,80.66666666666667
off,78.44645405527362
fashionable,78.44645405527362
mauve,77.99679480594058
leather,77.95852262581685
max,77.95852262581685
flare,77.95852262581685
note,76.36753236814714
bralettes,75.63250532720019
pencil,73.02967433402215
skirt,72.9657453878188
romantic,72.47480735503493
fruit,70.71067811865474
notched,70.71067811865474
none,70.69059848583625
leopard,69.85938257194472
party,68.59943405700353
tribal,67.25186951667867
wrap,66.66666666666667
belted,64.83751403166575
olive,62.84203380000692
mid,61.75235170563523
gray,60.166666666666664
small,58.99187797202821
steel,57.243340223994615
stainless,57.243340223994615
ripped,56.67756305493519
midi,56.4011605296461
large,56.25
ring,55.56554158617286
vegetable,54.61586634983333
lettuce,54.579383387036266
trim,54.579383387036266
huawei,53.033008588991066
basicattribute,52.38320341483518
image,52.38320341483518
base,52.38320341483518
url,52.38320341483518
silicone,52.25578117937447
thigh,51.2
three,50.31152949374527
powder,50.31152949374527
quarter,50.31152949374527
teddies,49.09902530309829
wide,48.37945254518108
clear,46.91574316284183
plaid,46.881990706790376
support,46.76537180435969
plus,46.73899157377417
fly,46.27703644967018
peplum,45.92793267718459
slit,45.92793267718459
violet,45.0
pearls,44.9654838386301
underwire,44.10316941262619
plastic,43.90363779648226
blouse,43.30127018922193
accessories,41.787340405699645
camel,41.787340405699645
wacht,41.569219381653056
vegan,41.569219381653056
babydolls,41.569219381653056
cruelty,41.569219381653056
recycling,41.569219381653056
gear,41.569219381653056
material,40.988520631140275
copper,40.00833246545858
double,39.50165759029553
scallop,38.43876248708407
iron,37.78954881974644
background,36.4828726939094
gluten,36.4828726939094
paraben,36.4828726939094
rusty,34.92969128597236
butterfly,34.92513000523195
polyurethane,34.92513000523195
knee,34.496980544196425
tea,34.312178324836054
pants,33.8
knitwear,33.1436268383531
swimsuit,33.03586567736089
safe,32.338610271403354
fibers,32.338610271403354
forest,32.338610271403354
random,32.19937887599697
alcohol,31.622776601683793
air,31.622776601683793
tab,31.622776601683793
cat,31.511421690709177
patched,31.423376193982904
recycled,31.242065659406496
teal,30.7009031552079
eyelet,30.7009031552079
tops,30.25
mustard,30.25
embroidery,30.243456592570013
bodycon,30.02607562421877
elastic,30.02607562421877
tiered,29.393876913398138
rust,29.34681062939629
biker,29.34681062939629
chain,28.56621380982386
pvc,27.735009811261456
liquid,27.0
fragrance,27.0
starlight,27.0
screen,27.0
car,26.726124191242437
burnt,25.81988897471611
layer,25.79728667902886
fingerprint,25.61444904736387
scratch,25.61444904736387
cases,25.23024410090605
oversized,25.23024410090605
golden,24.422418910798854
redwood,24.253562503633297
marble,24.253562503633297
sweetheart,23.730052351720268
bands,23.570226039551585
bishop,23.570226039551585
push,23.382685902179844
nail,23.382685902179844
cropped,23.286460857314903
bermuda,23.058454147932547
abs,22.941573387056174
halloween,22.866850617058248
cage,22.62741699796952
yoga,22.61335084333227
studio,22.61335084333227
smocked,22.46535794712178
glasses,22.219682394541234
years,21.648160594906376
decoration,21.320071635561042
smartwatch,20.91411006952005
eye,20.91411006952005
claw,20.25
raglan,20.25
hair,20.25
bag,19.611613513818405
other,19.611613513818405
tpu,19.296726052976872
single,19.245008972987524
breasted,19.245008972987524
teen,18.5826744435155
lime,18.5826744435155
deep,18.5826744435155
gen,18.520259177452132
talc,18.520259177452132
matte,18.520259177452132
flowers,18.475208614068027
dot,18.112150617748295
polka,18.112150617748295
eur,17.750406279207333
toe,17.324116139070412
plunge,17.324116139070412
lilac,17.10471948239516
briefs,16.666666666666668
raw,16.52472894381831
paisley,16.52472894381831
dye,16.43989873053573
breathable,16.333333333333332
flag,16.333333333333332
buckle,16.333333333333332
rim,16.222142113076256
pieces,16.0
coral,16.0
pack,16.0
comfy,15.588457268119896
bottoms,15.52228000232531
dinosaur,15.495160534825057
seamless,15.095301648795624
mocha,14.774055884310417
watermelon,14.774055884310417
tweezers,14.696938456699069
magnifying,14.696938456699069
inches,14.696938456699069
protectors,14.696938456699069
magic,14.696938456699069
xxx,14.696938456699069
honor,14.696938456699069
bust,14.682606967715952
lapel,14.682606967715952
dog,14.310835055998654
pleated,13.344922499652785
butt,13.095800853708795
christmas,13.095800853708795
strings,12.551432648843779
petal,12.0
tunic,12.0
champagne,11.884245626780316
skort,11.884245626780316
work,11.549410759380278
acrylic,11.241370959657525
proof,11.180339887498947
camis,11.180339887498947
fits,11.180339887498947
wearing,11.180339887498947
waterproof,11.180339887498947
storage,11.180339887498947
cheeky,11.180339887498947
ages,11.180339887498947
transparent,11.180339887498947
bandeau,10.692676621563628
extra,10.392304845413264
gingham,10.392304845413264
glitter,10.206207261596576
metal,10.206207261596576
tape,9.984603532054125
stripe,9.984603532054125
mouldless,9.621404708847278
grommet,9.44911182523068
printing,9.44911182523068
art,9.44911182523068
makeup,9.44911182523068
spandex,9.44911182523068
unisex,9.44911182523068
pant,8.838834764831843
running,8.731282501307987
satin,8.485281374238571
vacation,8.333333333333334
draped,8.333333333333334
fringe,8.258966419340222
side,8.049844718999243
glossy,8.0
frame,8.0
cream,8.0
headband,8.0
blush,8.0
supports,8.0
trucker,8.0
bags,8.0
cosmetic,8.0
sand,8.0
style,8.0
lenses,8.0
stud,8.0
shell,8.0
heel,8.0
true,8.0
open,8.0
paper,7.905694150420948
aluminum,7.905694150420948
men,7.216878364870323
cold,7.216878364870323
chocolate,7.155417527999327
brush,7.155417527999327
pajama,7.155417527999327
case,7.155417527999327
fire,7.155417527999327
carrot,7.155417527999327
shaping,7.155417527999327
tapered,7.155417527999327
pen,7.155417527999327
holiday,7.155417527999327
bean,6.933752452815364
cadet,6.933752452815364
roll,6.933752452815364
polo,6.681531047810609
hat,6.531972647421809
sports,6.531972647421809
couple,6.531972647421809
arm,6.531972647421809
comfortable,6.531972647421809
eva,6.531972647421809
multi,6.531972647421809
tummy,6.047431568147635
bodysuits,6.047431568147635
family,6.047431568147635
lyocell,5.65685424949238
paperbag,5.65685424949238
bodies,5.196152422706632
face,5.196152422706632
rings,5.196152422706632
sport,5.196152422706632
corsets,5.196152422706632
punk,5.196152422706632
photo,5.196152422706632
chunky,5.196152422706632
paste,5.196152422706632
exotic,5.196152422706632
palette,5.196152422706632
linen,5.196152422706632
elements,5.196152422706632
love,5.196152422706632
multiple,5.196152422706632
nude,5.196152422706632
text,5.196152422706632
protector,5.196152422706632
smudge,5.196152422706632
bras,5.196152422706632
puls,5.196152422706632
demi,5.196152422706632
sequin,5.059644256269407
appliques,4.618802153517007
bottom,4.5
boat,4.5
gym,4.5
rainbow,4.5
cuff,4.5
tpr,4.5
lightweight,4.5
minimalist,4.5
chevron,4.5
belly,4.5
big,4.5
fitness,4.5
capris,4.437601569801833
camo,4.437601569801833
late,4.024922359499621
fitted,4.024922359499621
valentines,4.024922359499621
tempered,4.024922359499621
compartment,4.024922359499621
smock,3.6742346141747673
ear,3.6742346141747673
sky,3.6742346141747673
day,3.6742346141747673
lift,3.6742346141747673
zebra,3.181980515339464
longline,3.0
metallized,3.0
fibres,3.0
room,2.82842712474619
flat,2.82842712474619
cuticle,2.82842712474619
mutton,2.82842712474619
shimmer,2.82842712474619
ankle,2.82842712474619
glare,2.82842712474619
train,2.82842712474619
portable,2.82842712474619
pinafore,2.82842712474619
assorted,2.82842712474619
pearl,2.82842712474619
mouth,2.82842712474619
precious,2.82842712474619
outdoor,2.82842712474619
shaped,2.82842712474619
ivory,2.82842712474619
blazer,2.82842712474619
plated,2.82842712474619
vanilla,2.82842712474619
generation,2.82842712474619
tassel,2.82842712474619
blend,2.82842712474619
coal,2.82842712474619
nose,2.82842712474619
without,2.82842712474619
poly,2.82842712474619
rimless,2.82842712474619
lightning,2.82842712474619
transfer,2.82842712474619
minerals,2.82842712474619
midnight,2.82842712474619
return,2.82842712474619
mermaid,2.82842712474619
bold,2.82842712474619
progressive,2.82842712474619
pressed,2.82842712474619
lavender,2.82842712474619
hiking,2.82842712474619
this,2.82842712474619
woman,2.82842712474619
point,2.82842712474619
from,2.82842712474619
sea,2.82842712474619
earrings,2.82842712474619
warm,2.82842712474619
power,2.82842712474619
strappy,2.82842712474619
carborundum,2.82842712474619
splicing,2.82842712474619
yellowish,2.82842712474619
lite,2.82842712474619
feather,2.82842712474619
rescued,2.82842712474619
hush,2.82842712474619
eyeliner,2.82842712474619
needles,2.82842712474619
cake,2.82842712474619
pmma,2.82842712474619
travel,2.82842712474619
studding,2.82842712474619
honey,2.82842712474619
bright,2.82842712474619
multifunctional,2.82842712474619
pigmented,2.82842712474619
mixed,2.82842712474619
shine,2.82842712474619
clip,2.82842712474619
shawl,2.82842712474619
highly,2.82842712474619
added,2.82842712474619
lizard,2.82842712474619
toiletry,2.82842712474619
hipsters,2.82842712474619
five,2.82842712474619
crochet,2.82842712474619
gems,2.82842712474619
aviator,2.82842712474619
capacity,2.82842712474619
xiaomi,2.82842712474619
sepia,2.82842712474619
likes,2.82842712474619
bovine,2.82842712474619
exaggerated,2.82842712474619
leggings,2.4961508830135313
handle,2.4961508830135313
peel,2.3094010767585034
snakeskin,2.3094010767585034
fantasy,2.3094010767585034
bronze,2.3094010767585034
basic,2.3094010767585034
type,2.3094010767585034
golf,2.3094010767585034
cargo,2.3094010767585034
bride,2.3094010767585034
fake,2.3094010767585034
polish,2.3094010767585034
sweatpants,2.3094010767585034
smaller,2.3094010767585034
tennis,2.3094010767585034
layered,2.3094010767585034
wedding,2.0
control,2.0
wood,2.0
pet,2.0
wired,2.0
birthday,2.0
pan,1.7888543819998317
hollow,1.7888543819998317
show,1.7888543819998317
nylon,1.7888543819998317
cowl,1.7888543819998317
maxi,1.7888543819998317
strong,1.7888543819998317
patchwork,1.7888543819998317
peter,1.7888543819998317
sweet,1.7888543819998317
belts,1.6329931618554523
four,1.6329931618554523
modal,1.6329931618554523
xxxl,1.6329931618554523
maroon,1.5118578920369088
belt,1.414213562373095
sweat,1.414213562373095
unitard,1.414213562373095
absorbs,1.414213562373095
daily,1.3333333333333333
curd,1.2649110640673518
gradient,1.1547005383792517
please,1.0
plan,1.0
drive,1.0
rouge,1.0
debutante,1.0
young,1.0
plot,1.0
polymer,1.0
tpe,1.0
envelope,1.0
key,1.0
dining,1.0
almond,1.0
lips,1.0
youre,1.0
scorpio,1.0
truffle,1.0
sandals,1.0
promax,1.0
wedge,1.0
own,1.0
cards,1.0
removal,1.0
memories,1.0
foundation,1.0
peach,1.0
only,1.0
damp,1.0
topic,1.0
chains,1.0
night,1.0
heavy,1.0
virgo,1.0
main,1.0
bandana,1.0
princess,1.0
shopper,1.0
check,1.0
keyhole,1.0
slingbacks,1.0
jane,1.0
agate,1.0
platform,1.0
cashew,1.0
mary,1.0
looking,1.0
obsessed,1.0
walmart,1.0
right,1.0
cells,1.0
beach,1.0
vest,1.0
center,1.0
nails,1.0
rod,1.0
sweatshirt,1.0
fair,1.0
checked,1.0
periodt,1.0
swipe,1.0
ball,1.0
caramel,1.0
cancer,1.0
lake,1.0
pinkies,1.0
amber,1.0
stars,1.0
grid,1.0
usb,1.0
talk,1.0
molded,1.0
your,1.0
gemini,1.0
turn,1.0
star,1.0
level,1.0
stone,1.0
countertop,1.0
carpet,1.0
rent,1.0
cluster,1.0
home,1.0
loca,1.0
blushing,1.0
garden,1.0
racks,1.0
call,1.0
business,1.0
spy,1.0
wipe,1.0
terracotta,1.0
sagittarius,1.0
twinkling,1.0
casaque,1.0
cloak,1.0
stickers,1.0
foldable,1.0
confetti,1.0
clove,1.0
capricorn,1.0
sun,1.0
forceps,1.0
smoother,1.0
vip,1.0
tawny,1.0
chantilly,1.0
display,1.0
contour,1.0
sanding,1.0
thumb,1.0
libra,1.0
vibes,1.0
walnut,1.0
sailor,1.0
anklet,1.0
clover,1.0
bedroom,1.0
vibe,1.0
hazelnut,1.0
apricont,1.0
eyebrow,1.0
office,1.0
takes,1.0
alligator,1.0
cutie,1.0
function,1.0
primp,1.0
gun,1.0
cubic,1.0
taurus,1.0
aquarius,1.0
boxed,1.0
risky,1.0
habits,1.0
radiant,1.0
spiked,1.0
float,1.0
kickstand,1.0
bouquet,1.0
fireworks,1.0
tap,1.0
guts,1.0
led,1.0
zombie,1.0
wake,1.0
protection,1.0
nutmeg,1.0
strike,1.0
close,1.0
deal,1.0
protective,1.0
dreamz,1.0
yards,1.0
cord,1.0
crystal,1.0
hook,1.0
sling,1.0
nap,1.0
chestnut,1.0
overall,1.0
cappuccino,1.0
disco,1.0
rule,1.0
lip,1.0
insert,1.0
antique,1.0
tan,1.0
colour,1.0
zirconia,1.0
pisces,1.0
scissors,1.0
mahogany,1.0
gorgeous,1.0
pie,1.0
lights,1.0
onn,1.0
cover,1.0
closure,1.0
stage,1.0
name,1.0
plumping,1.0
bottle,1.0
tcl,1.0
thats,1.0
included,1.0
suede,1.0
special,1.0
scissor,1.0
suit,1.0
clarity,1.0
beauty,1.0
breaker,1.0
read,1.0
clay,1.0
living,1.0
effect,1.0
teeth,1.0
net,1.0
eyeshadow,1.0
library,1.0
custom,1.0
correct,1.0
leo,1.0
ritual,1.0
rubber,1.0
eyes,1.0
drill,1.0
earthy,1.0
fierce,1.0
butterscotch,1.0
russet,1.0
film,1.0
slides,1.0
sandalwood,1.0
character,1.0
pockets,1.0
sterling,1.0
bitten,1.0
cottage,1.0
ancient,1.0
aries,1.0
moon,1.0
frost,1.0
wheat,1.0
iphonexsmax,1.0
erasable,1.0
sapphire,1.0
real,1.0
earth,1.0
stirring,1.0
duty,1.0
charging,1.0
devoted,1.0
slip,0.917662935482247
ombre,0.917662935482247
quality,0.7071067811865475
simple,0.7071067811865475
jackets,0.7071067811865475
leaf,0.7071067811865475
neckline,0.7071067811865475
acetate,0.7071067811865475
rechargeable,0.7071067811865475
preppy,0.7071067811865475
monokinis,0.7071067811865475
pinknude,0.7071067811865475
core,0.7071067811865475
choker,0.7071067811865475
kerchief,0.7071067811865475
washed,0.7071067811865475
label,0.7071067811865475
great,0.7071067811865475
buttons,0.7071067811865475
porcelain,0.7071067811865475
dynamic,0.7071067811865475
sweatproof,0.7071067811865475
sleeves,0.7071067811865475
coated,0.7071067811865475
sleep,0.7071067811865475
hard,0.7071067811865475
drying,0.5773502691896258
quick,0.5773502691896258
ginger,0.5
beaded,0.4472135954999579
novelty,0.4472135954999579
trunks,0.4472135954999579
jogger,0.4472135954999579
straw,0.4082482904638631
body,0.3779644730092272
good,0.3779644730092272
adjustable,0.35355339059327373
hooded,0.3333333333333333
dress,0.25
way,0.2182178902359924
ocelot,0.0
brim,0.0
plicated,0.0
deer,0.0
xxxs,0.0
claus,0.0
owl,0.0
chalkboard,0.0
lion,0.0
schnauzer,0.0
wrapped,0.0
adhesive,0.0
skin,0.0
rope,0.0
month,0.0
self,0.0
creamy,0.0
french,0.0
munchkin,0.0
sporty,0.0
penguin,0.0
brushes,0.0
wealth,0.0
magnet,0.0
huahua,0.0
racerback,0.0
organza,0.0
cow,0.0
jumpsuit,0.0
festival,0.0
sheepdog,0.0
tactel,0.0
boyshorts,0.0
flamingo,0.0
shaded,0.0
toned,0.0
see,0.0
zip,0.0
snowman,0.0
feiyun,0.0
robes,0.0
robe,0.0
fox,0.0
napoleon,0.0
frise,0.0
hammer,0.0
baseball,0.0
calico,0.0
faux,0.0
funky,0.0
add,0.0
tree,0.0
groomsman,0.0
prosperity,0.0
horoscope,0.0
box,0.0
collie,0.0
items,0.0
pile,0.0
friendship,0.0
sleepshirts,0.0
santa,0.0
petals,0.0
pug,0.0
fibre,0.0
band,0.0
beagle,0.0
curved,0.0
fubao,0.0
elk,0.0
