wash,0.6660272979283826
polyester,0.6605796986189197
stretch,0.6247894468636521
clean,0.6218727585316747
dry,0.62134293804803
regular,0.6169271403947295
sleeve,0.6166071803328561
fabric,0.612929890873409
elastane,0.5607969643501164
machine,0.5589766754678227
black,0.5210719458342437
fit,0.5034041936529291
professional,0.4823065856008336
blue,0.464892538528905
casual,0.45575189545386446
pink,0.4433049984569724
plain,0.4351328406228106
white,0.4246884257147942
short,0.42153951209074075
not,0.4174787150022943
neck,0.4148931196910912
green,0.38075830590974685
knitted,0.37844296268521266
multicolor,0.37312028891498245
slight,0.3578808568249107
non,0.35425593275484135
high,0.35212966871509066
long,0.32942903626257036
red,0.32707167603079834
round,0.3244428422615251
galaxy,0.320634252865585
slim,0.31513133208825767
woven,0.3108821758684908
unlined,0.3086337148165063
sexy,0.3049262329553213
medium,0.29710635313198847
yellow,0.29686591355251724
sheer,0.2947166834389729
gold,0.29295774853081186
cotton,0.2772347955418508
purple,0.275222742931788
sleeveless,0.2748074081429536
hand,0.2731057979236327
crop,0.27272727272727265
size,0.2727074401800533
hot,0.2724343325001703
watch,0.2694561132037648
print,0.2662916735672661
ruffle,0.25712973861329
grey,0.25362104873932756
one,0.25240337897627063
knot,0.2488098392109007
dark,0.2458445859472208
waist,0.24289167057839517
the,0.24120907566221086
piece,0.2409062024907053
all,0.2406240827780926
semi,0.2400284074096988
loose,0.23983661912104612
button,0.23972118518116511
set,0.23935677693908453
free,0.23931721056523966
over,0.23896114590282155
silver,0.23891934294085448
viscose,0.23409090909090907
letter,0.23361918174225776
asymmetrical,0.23343756879412558
colorblock,0.23295214133095676
boho,0.23219296977734627
yes,0.23170341173428075
shorts,0.2286322970901689
floral,0.22843056735522999
strap,0.22023509371464053
soft,0.220078553962876
iphone,0.21744126046908843
brown,0.2169661177744431
baby,0.21588259179641248
contrast,0.21429146491540924
navy,0.21320071635561041
with,0.21214264175324346
detergent,0.21159836801528895
pro,0.21054454238712605
apricot,0.2103288960511764
backless,0.20858485755125705
spaghetti,0.2072817473917768
orange,0.20585277887100514
pocket,0.20282407540485686
collar,0.1983322070054794
lined,0.19813602643681608
polyamide,0.1979498653299597
rose,0.19744355451432527
ipad,0.19540168418367887
lace,0.19236215274117177
women,0.19013083027305397
natural,0.18999014891433705
halter,0.18877596148970774
cartoon,0.18856481776967493
top,0.18562337074708876
ruched,0.18482911432253046
flared,0.1813385658494095
samsung,0.18097291557647183
shoulder,0.18016385984276262
padding,0.17984576060517937
petite,0.1797920321515245
khaki,0.17912443020795965
out,0.17893383139394298
hem,0.17739371879672478
knit,0.1769789502216261
rib,0.1769789502216261
rise,0.17596696696929642
tee,0.1752919642404429
plants,0.17422850469285248
zipper,0.17421018120823034
cut,0.17394622697814227
mesh,0.17386491202536464
inch,0.1732050807568877
and,0.17162037149641735
pcs,0.1680084006300525
geometric,0.16684918763605158
slogan,0.16386929807974052
royal,0.16363636363636364
flounce,0.16351748504193214
alloy,0.16232055440530363
dusty,0.16200810060755064
shirred,0.1569971141188341
series,0.15666989036012804
elegant,0.1563263498701806
thongs,0.15613057760526988
xxl,0.1560469459830898
drop,0.15377078573465944
striped,0.15351650972189332
ultra,0.15289415743128765
removable,0.15280686415701153
light,0.15223778023394388
wireless,0.15
bra,0.1490227909005606
cute,0.14882057177132865
fall,0.1484848484848485
tank,0.1481487493975293
burgundy,0.14801466006544758
boys,0.1477867013330668
sets,0.14597329889788344
split,0.1451908017281255
mini,0.14338563581977296
half,0.14321788867443772
army,0.14317433901558577
coffee,0.14168032249748444
cami,0.14168032249748444
spring,0.13907069907302308
bow,0.13837215452125165
water,0.13797993165116998
resistant,0.13797993165116998
zinc,0.13695247665246518
batwing,0.13694249432972497
glass,0.1367526917515655
shirt,0.13578057164544427
girls,0.13510410589463967
triangle,0.13314380468978917
xxs,0.13250826977378263
cap,0.13193984914006274
apple,0.1312159702703695
stand,0.1302677894557859
animal,0.12946777499402992
leg,0.12915531998758967
length,0.12892072509757224
tie,0.1285916508649621
note,0.12792042981336627
poolside,0.1275418541687273
use,0.1275418541687273
recommended,0.1275418541687273
camisole,0.12727272727272726
drawstring,0.1271701568915748
cross,0.12683108610239793
anti,0.12661083298953146
denim,0.1258506409931385
low,0.12472697455569977
criss,0.12439408271422457
square,0.12369746389392888
twist,0.12272727272727271
color,0.12071869264873993
track,0.12060453783110543
street,0.11980845957463074
frill,0.1196732147210825
rhinestone,0.11965860528261983
off,0.11826247919781652
fashionable,0.11826247919781652
beige,0.11512838683202961
for,0.11383495743693464
figure,0.1131504763712036
large,0.11306675421666135
basicattribute,0.11281521496355323
image,0.11281521496355323
base,0.11281521496355323
url,0.11281521496355323
puff,0.11198992798602647
leather,0.11193037608669545
max,0.11193037608669545
flare,0.11193037608669545
micro,0.1116581052478165
heart,0.11055415967851331
line,0.11055415967851331
straight,0.11050642030256358
pencil,0.11009637651263605
skinny,0.10939662435229075
cup,0.10909090909090909
tropical,0.1087114613009218
strapless,0.10830277015004255
steel,0.10787197799411871
stainless,0.10787197799411871
pattern,0.10787197799411871
back,0.10660035817780522
huawei,0.10660035817780522
fruit,0.1066003581778052
notched,0.1066003581778052
bikinis,0.10552897060221726
scoop,0.105263331252891
graphic,0.105263331252891
textured,0.10516029739067753
mint,0.10514994558491722
front,0.1050973574618056
small,0.10462776733243281
wacht,0.1044465935734187
vegan,0.1044465935734187
babydolls,0.1044465935734187
cruelty,0.1044465935734187
recycling,0.1044465935734187
gear,0.1044465935734187
binding,0.10385390757678524
ditsy,0.1038339982980133
party,0.10341753799900381
belted,0.10289076860403765
lettuce,0.10285189544531598
trim,0.10285189544531598
mauve,0.10224747162910902
three,0.1011299793694863
powder,0.1011299793694863
quarter,0.1011299793694863
ripped,0.10052310731814404
wrap,0.1005037815259212
background,0.09999999999999999
gluten,0.09999999999999999
skirt,0.09999999999999999
paraben,0.09999999999999999
olive,0.0997241374054808
teddies,0.09869275424396534
silicone,0.09847319278346618
full,0.09775898005717008
vegetable,0.09686648999069225
pearls,0.09684002494125044
tribal,0.09655810287305759
thigh,0.09648363026488435
straps,0.09620913858416691
leopard,0.09574271077563382
rusty,0.09574271077563382
gray,0.09547859244962513
alcohol,0.09534625892455921
air,0.09534625892455921
tab,0.09534625892455921
material,0.09506541513652698
bralettes,0.0950169098957875
midi,0.09447549859466603
clear,0.09430419201928973
ring,0.09307578419910342
none,0.09266964086291873
peplum,0.09231861823449955
slit,0.09231861823449955
wide,0.09116846116771035
liquid,0.09045340337332908
fragrance,0.09045340337332908
starlight,0.09045340337332908
violet,0.09045340337332908
screen,0.09045340337332908
accessories,0.08999540851465149
camel,0.08999540851465149
mid,0.08866206949335728
safe,0.08864052604279184
fibers,0.08864052604279184
forest,0.08864052604279184
plus,0.08807710121010884
butterfly,0.08775269089525567
polyurethane,0.08775269089525567
iron,0.08764598212022146
blouse,0.08703882797784891
copper,0.0861640436855329
fingerprint,0.08581163303210329
scratch,0.08581163303210329
recycled,0.08563488385776752
cage,0.08528028654224415
romantic,0.08404606389858064
pvc,0.08362420100070908
plaid,0.08314971796756813
swimsuit,0.08300573566392894
tops,0.08291561975888499
mustard,0.08291561975888499
scallop,0.08278373543847156
plastic,0.08273403039920305
fly,0.08207677342949549
golden,0.0818181818181818
random,0.08090398349558904
car,0.08058229640253803
rust,0.08043996665398437
biker,0.08043996665398437
knee,0.08000946913656627
gen,0.07977240352174655
talc,0.07977240352174655
matte,0.07977240352174655
patched,0.07895420339517227
pants,0.07839294959021854
support,0.07833494518006402
push,0.07833494518006402
nail,0.07833494518006402
burnt,0.0778498944161523
teal,0.07713892158398698
eyelet,0.07713892158398698
knitwear,0.07687061147858074
bodycon,0.07544335361543178
elastic,0.07544335361543178
smocked,0.07526178090063816
toe,0.07462025072446364
plunge,0.07462025072446364
double,0.07443873683187766
tweezers,0.07385489458759964
magnifying,0.07385489458759964
inches,0.07385489458759964
tiered,0.07385489458759964
protectors,0.07385489458759964
magic,0.07385489458759964
xxx,0.07385489458759964
honor,0.07385489458759964
redwood,0.07312724241271307
marble,0.07312724241271307
tpu,0.07272727272727272
years,0.07252406676228422
bands,0.07106690545187015
bishop,0.07106690545187015
layer,0.07071067811865474
breathable,0.07035264706814483
flag,0.07035264706814483
buckle,0.07035264706814483
smartwatch,0.07006490497453706
eye,0.07006490497453706
underwire,0.06998739952495693
flowers,0.06963106238227913
abs,0.06917144638660745
cases,0.06915640748081246
oversized,0.06915640748081246
tea,0.06897007348075543
claw,0.06784005252999681
raglan,0.06784005252999681
hair,0.06784005252999681
proof,0.0674199862463242
camis,0.0674199862463242
fits,0.0674199862463242
wearing,0.0674199862463242
waterproof,0.0674199862463242
storage,0.0674199862463242
cheeky,0.0674199862463242
ages,0.0674199862463242
transparent,0.0674199862463242
eur,0.06689936080056726
dinosaur,0.06674238124719145
chain,0.06625413488689132
embroidery,0.06513389472789295
sweetheart,0.06504436355879908
lilac,0.06446583712203043
decoration,0.06428243465332249
cropped,0.06382847385042253
mocha,0.06363636363636363
watermelon,0.06363636363636363
halloween,0.06267831705280087
raw,0.06227991553292183
paisley,0.06227991553292183
teen,0.0622543017479467
lime,0.0622543017479467
deep,0.0622543017479467
glitter,0.06154574548966636
metal,0.06154574548966636
dot,0.06067798762169178
polka,0.06067798762169178
glossy,0.060302268915552716
petal,0.060302268915552716
frame,0.060302268915552716
tunic,0.060302268915552716
cream,0.060302268915552716
headband,0.060302268915552716
pieces,0.060302268915552716
blush,0.060302268915552716
supports,0.060302268915552716
trucker,0.060302268915552716
bags,0.060302268915552716
coral,0.060302268915552716
cosmetic,0.060302268915552716
sand,0.060302268915552716
style,0.060302268915552716
lenses,0.060302268915552716
pack,0.060302268915552716
stud,0.060302268915552716
shell,0.060302268915552716
heel,0.060302268915552716
true,0.060302268915552716
open,0.060302268915552716
cat,0.059381569522016425
bag,0.05913123959890826
other,0.05913123959890826
bottoms,0.05850179393017045
single,0.05802588531856594
breasted,0.05802588531856594
bermuda,0.05793654595023211
grommet,0.056980288229818966
printing,0.056980288229818966
art,0.056980288229818966
makeup,0.056980288229818966
spandex,0.056980288229818966
unisex,0.056980288229818966
butt,0.05640760748177662
christmas,0.05640760748177662
glasses,0.05582905262390825
bust,0.05533715710928596
lapel,0.05533715710928596
chocolate,0.053935988997059356
brush,0.053935988997059356
pajama,0.053935988997059356
case,0.053935988997059356
fire,0.053935988997059356
carrot,0.053935988997059356
dog,0.053935988997059356
shaping,0.053935988997059356
tapered,0.053935988997059356
pen,0.053935988997059356
holiday,0.053935988997059356
pant,0.0533001790889026
bodies,0.05222329678670935
face,0.05222329678670935
rings,0.05222329678670935
sport,0.05222329678670935
corsets,0.05222329678670935
punk,0.05222329678670935
photo,0.05222329678670935
chunky,0.05222329678670935
paste,0.05222329678670935
extra,0.05222329678670935
exotic,0.05222329678670935
palette,0.05222329678670935
gingham,0.05222329678670935
linen,0.05222329678670935
elements,0.05222329678670935
love,0.05222329678670935
multiple,0.05222329678670935
nude,0.05222329678670935
text,0.05222329678670935
protector,0.05222329678670935
smudge,0.05222329678670935
bras,0.05222329678670935
puls,0.05222329678670935
demi,0.05222329678670935
comfy,0.052223296786709346
champagne,0.05118906968889914
skort,0.05118906968889914
pleated,0.05029556907695452
briefs,0.0502518907629606
vacation,0.0502518907629606
draped,0.0502518907629606
tape,0.050174520600425446
stripe,0.050174520600425446
work,0.04974683381630911
dye,0.04956815970966096
hat,0.04923659639173309
sports,0.04923659639173309
couple,0.04923659639173309
arm,0.04923659639173309
comfortable,0.04923659639173309
eva,0.04923659639173309
multi,0.04923659639173309
rim,0.048911598804451846
acrylic,0.04842001247062522
mouldless,0.048349377841522816
paper,0.047673129462279605
aluminum,0.047673129462279605
strings,0.04730499167912661
bandeau,0.04605661864718383
tummy,0.045584230583855176
bodysuits,0.045584230583855176
family,0.045584230583855176
yoga,0.045454545454545456
studio,0.045454545454545456
bottom,0.04522670168666454
boat,0.04522670168666454
gym,0.04522670168666454
rainbow,0.04522670168666454
cuff,0.04522670168666454
tpr,0.04522670168666454
lightweight,0.04522670168666454
minimalist,0.04522670168666454
chevron,0.04522670168666454
belly,0.04522670168666454
big,0.04522670168666454
fitness,0.04522670168666454
running,0.043876345447627835
men,0.04351941398892446
cold,0.04351941398892446
satin,0.04264014327112209
room,0.042640143271122075
flat,0.042640143271122075
cuticle,0.042640143271122075
mutton,0.042640143271122075
shimmer,0.042640143271122075
ankle,0.042640143271122075
glare,0.042640143271122075
train,0.042640143271122075
portable,0.042640143271122075
pinafore,0.042640143271122075
assorted,0.042640143271122075
pearl,0.042640143271122075
mouth,0.042640143271122075
precious,0.042640143271122075
outdoor,0.042640143271122075
shaped,0.042640143271122075
ivory,0.042640143271122075
blazer,0.042640143271122075
plated,0.042640143271122075
lyocell,0.042640143271122075
vanilla,0.042640143271122075
generation,0.042640143271122075
tassel,0.042640143271122075
blend,0.042640143271122075
coal,0.042640143271122075
nose,0.042640143271122075
without,0.042640143271122075
poly,0.042640143271122075
rimless,0.042640143271122075
lightning,0.042640143271122075
transfer,0.042640143271122075
minerals,0.042640143271122075
midnight,0.042640143271122075
return,0.042640143271122075
mermaid,0.042640143271122075
bold,0.042640143271122075
progressive,0.042640143271122075
pressed,0.042640143271122075
lavender,0.042640143271122075
hiking,0.042640143271122075
this,0.042640143271122075
woman,0.042640143271122075
point,0.042640143271122075
from,0.042640143271122075
sea,0.042640143271122075
earrings,0.042640143271122075
warm,0.042640143271122075
power,0.042640143271122075
strappy,0.042640143271122075
carborundum,0.042640143271122075
splicing,0.042640143271122075
yellowish,0.042640143271122075
lite,0.042640143271122075
feather,0.042640143271122075
rescued,0.042640143271122075
hush,0.042640143271122075
eyeliner,0.042640143271122075
needles,0.042640143271122075
cake,0.042640143271122075
paperbag,0.042640143271122075
pmma,0.042640143271122075
travel,0.042640143271122075
studding,0.042640143271122075
honey,0.042640143271122075
bright,0.042640143271122075
multifunctional,0.042640143271122075
pigmented,0.042640143271122075
mixed,0.042640143271122075
shine,0.042640143271122075
clip,0.042640143271122075
shawl,0.042640143271122075
highly,0.042640143271122075
added,0.042640143271122075
lizard,0.042640143271122075
toiletry,0.042640143271122075
hipsters,0.042640143271122075
five,0.042640143271122075
crochet,0.042640143271122075
gems,0.042640143271122075
aviator,0.042640143271122075
capacity,0.042640143271122075
xiaomi,0.042640143271122075
sepia,0.042640143271122075
likes,0.042640143271122075
bovine,0.042640143271122075
exaggerated,0.042640143271122075
bean,0.04181210050035454
cadet,0.04181210050035454
roll,0.04181210050035454
fringe,0.04150286783196447
late,0.04045199174779452
fitted,0.04045199174779452
side,0.04045199174779452
valentines,0.04045199174779452
tempered,0.04045199174779452
compartment,0.04045199174779452
polo,0.040291148201269014
sequin,0.038138503569823685
seamless,0.03792837247446084
smock,0.03692744729379982
ear,0.03692744729379982
sky,0.03692744729379982
day,0.03692744729379982
lift,0.03692744729379982
peel,0.034815531191139566
snakeskin,0.034815531191139566
fantasy,0.034815531191139566
bronze,0.034815531191139566
basic,0.034815531191139566
type,0.034815531191139566
golf,0.034815531191139566
cargo,0.034815531191139566
bride,0.034815531191139566
fake,0.034815531191139566
polish,0.034815531191139566
sweatpants,0.034815531191139566
smaller,0.034815531191139566
tennis,0.034815531191139566
layered,0.034815531191139566
appliques,0.034815531191139566
capris,0.03344968040028363
camo,0.03344968040028363
zebra,0.03198010745334156
please,0.030151134457776358
plan,0.030151134457776358
drive,0.030151134457776358
rouge,0.030151134457776358
debutante,0.030151134457776358
young,0.030151134457776358
plot,0.030151134457776358
polymer,0.030151134457776358
tpe,0.030151134457776358
envelope,0.030151134457776358
key,0.030151134457776358
dining,0.030151134457776358
almond,0.030151134457776358
wedding,0.030151134457776358
lips,0.030151134457776358
youre,0.030151134457776358
scorpio,0.030151134457776358
truffle,0.030151134457776358
sandals,0.030151134457776358
promax,0.030151134457776358
wedge,0.030151134457776358
own,0.030151134457776358
cards,0.030151134457776358
removal,0.030151134457776358
memories,0.030151134457776358
foundation,0.030151134457776358
peach,0.030151134457776358
only,0.030151134457776358
damp,0.030151134457776358
topic,0.030151134457776358
chains,0.030151134457776358
night,0.030151134457776358
heavy,0.030151134457776358
virgo,0.030151134457776358
main,0.030151134457776358
bandana,0.030151134457776358
princess,0.030151134457776358
shopper,0.030151134457776358
check,0.030151134457776358
keyhole,0.030151134457776358
control,0.030151134457776358
slingbacks,0.030151134457776358
jane,0.030151134457776358
agate,0.030151134457776358
platform,0.030151134457776358
cashew,0.030151134457776358
mary,0.030151134457776358
looking,0.030151134457776358
obsessed,0.030151134457776358
walmart,0.030151134457776358
right,0.030151134457776358
cells,0.030151134457776358
beach,0.030151134457776358
vest,0.030151134457776358
center,0.030151134457776358
nails,0.030151134457776358
rod,0.030151134457776358
sweatshirt,0.030151134457776358
fair,0.030151134457776358
checked,0.030151134457776358
periodt,0.030151134457776358
swipe,0.030151134457776358
ball,0.030151134457776358
caramel,0.030151134457776358
cancer,0.030151134457776358
lake,0.030151134457776358
pinkies,0.030151134457776358
amber,0.030151134457776358
stars,0.030151134457776358
grid,0.030151134457776358
usb,0.030151134457776358
talk,0.030151134457776358
molded,0.030151134457776358
your,0.030151134457776358
gemini,0.030151134457776358
turn,0.030151134457776358
star,0.030151134457776358
level,0.030151134457776358
stone,0.030151134457776358
countertop,0.030151134457776358
carpet,0.030151134457776358
rent,0.030151134457776358
cluster,0.030151134457776358
home,0.030151134457776358
loca,0.030151134457776358
blushing,0.030151134457776358
garden,0.030151134457776358
racks,0.030151134457776358
call,0.030151134457776358
business,0.030151134457776358
spy,0.030151134457776358
wipe,0.030151134457776358
terracotta,0.030151134457776358
sagittarius,0.030151134457776358
twinkling,0.030151134457776358
casaque,0.030151134457776358
cloak,0.030151134457776358
stickers,0.030151134457776358
foldable,0.030151134457776358
confetti,0.030151134457776358
clove,0.030151134457776358
capricorn,0.030151134457776358
sun,0.030151134457776358
forceps,0.030151134457776358
smoother,0.030151134457776358
vip,0.030151134457776358
tawny,0.030151134457776358
chantilly,0.030151134457776358
display,0.030151134457776358
contour,0.030151134457776358
sanding,0.030151134457776358
thumb,0.030151134457776358
libra,0.030151134457776358
vibes,0.030151134457776358
longline,0.030151134457776358
walnut,0.030151134457776358
sailor,0.030151134457776358
anklet,0.030151134457776358
metallized,0.030151134457776358
clover,0.030151134457776358
bedroom,0.030151134457776358
vibe,0.030151134457776358
hazelnut,0.030151134457776358
apricont,0.030151134457776358
eyebrow,0.030151134457776358
office,0.030151134457776358
takes,0.030151134457776358
alligator,0.030151134457776358
cutie,0.030151134457776358
wood,0.030151134457776358
function,0.030151134457776358
primp,0.030151134457776358
gun,0.030151134457776358
cubic,0.030151134457776358
taurus,0.030151134457776358
aquarius,0.030151134457776358
boxed,0.030151134457776358
risky,0.030151134457776358
pet,0.030151134457776358
habits,0.030151134457776358
radiant,0.030151134457776358
spiked,0.030151134457776358
float,0.030151134457776358
kickstand,0.030151134457776358
bouquet,0.030151134457776358
fireworks,0.030151134457776358
tap,0.030151134457776358
guts,0.030151134457776358
led,0.030151134457776358
zombie,0.030151134457776358
wake,0.030151134457776358
protection,0.030151134457776358
nutmeg,0.030151134457776358
strike,0.030151134457776358
close,0.030151134457776358
deal,0.030151134457776358
protective,0.030151134457776358
dreamz,0.030151134457776358
yards,0.030151134457776358
cord,0.030151134457776358
crystal,0.030151134457776358
hook,0.030151134457776358
sling,0.030151134457776358
fibres,0.030151134457776358
nap,0.030151134457776358
chestnut,0.030151134457776358
overall,0.030151134457776358
cappuccino,0.030151134457776358
disco,0.030151134457776358
rule,0.030151134457776358
lip,0.030151134457776358
insert,0.030151134457776358
antique,0.030151134457776358
tan,0.030151134457776358
colour,0.030151134457776358
zirconia,0.030151134457776358
pisces,0.030151134457776358
scissors,0.030151134457776358
mahogany,0.030151134457776358
gorgeous,0.030151134457776358
pie,0.030151134457776358
lights,0.030151134457776358
onn,0.030151134457776358
cover,0.030151134457776358
closure,0.030151134457776358
stage,0.030151134457776358
name,0.030151134457776358
plumping,0.030151134457776358
bottle,0.030151134457776358
tcl,0.030151134457776358
thats,0.030151134457776358
included,0.030151134457776358
wired,0.030151134457776358
suede,0.030151134457776358
special,0.030151134457776358
scissor,0.030151134457776358
suit,0.030151134457776358
clarity,0.030151134457776358
beauty,0.030151134457776358
birthday,0.030151134457776358
breaker,0.030151134457776358
read,0.030151134457776358
clay,0.030151134457776358
living,0.030151134457776358
effect,0.030151134457776358
teeth,0.030151134457776358
net,0.030151134457776358
eyeshadow,0.030151134457776358
library,0.030151134457776358
custom,0.030151134457776358
correct,0.030151134457776358
leo,0.030151134457776358
ritual,0.030151134457776358
rubber,0.030151134457776358
eyes,0.030151134457776358
drill,0.030151134457776358
earthy,0.030151134457776358
fierce,0.030151134457776358
butterscotch,0.030151134457776358
russet,0.030151134457776358
film,0.030151134457776358
slides,0.030151134457776358
sandalwood,0.030151134457776358
character,0.030151134457776358
pockets,0.030151134457776358
sterling,0.030151134457776358
bitten,0.030151134457776358
cottage,0.030151134457776358
ancient,0.030151134457776358
aries,0.030151134457776358
moon,0.030151134457776358
frost,0.030151134457776358
wheat,0.030151134457776358
iphonexsmax,0.030151134457776358
erasable,0.030151134457776358
sapphire,0.030151134457776358
real,0.030151134457776358
earth,0.030151134457776358
stirring,0.030151134457776358
duty,0.030151134457776358
charging,0.030151134457776358
devoted,0.030151134457776358
pan,0.026967994498529678
hollow,0.026967994498529678
show,0.026967994498529678
nylon,0.026967994498529678
cowl,0.026967994498529678
maxi,0.026967994498529678
strong,0.026967994498529678
patchwork,0.026967994498529678
peter,0.026967994498529678
sweet,0.026967994498529678
leggings,0.025087260300212723
handle,0.025087260300212723
belts,0.024618298195866545
four,0.024618298195866545
modal,0.024618298195866545
xxxl,0.024618298195866545
maroon,0.022792115291927588
quality,0.021320071635561037
simple,0.021320071635561037
jackets,0.021320071635561037
leaf,0.021320071635561037
neckline,0.021320071635561037
acetate,0.021320071635561037
belt,0.021320071635561037
rechargeable,0.021320071635561037
preppy,0.021320071635561037
monokinis,0.021320071635561037
pinknude,0.021320071635561037
sweat,0.021320071635561037
core,0.021320071635561037
unitard,0.021320071635561037
choker,0.021320071635561037
kerchief,0.021320071635561037
washed,0.021320071635561037
label,0.021320071635561037
great,0.021320071635561037
buttons,0.021320071635561037
porcelain,0.021320071635561037
absorbs,0.021320071635561037
dynamic,0.021320071635561037
sweatproof,0.021320071635561037
sleeves,0.021320071635561037
coated,0.021320071635561037
sleep,0.021320071635561037
hard,0.021320071635561037
daily,0.02010075630518424
curd,0.019069251784911843
gradient,0.017407765595569783
drying,0.017407765595569783
quick,0.017407765595569783
ginger,0.015075567228888179
slip,0.01383428927732149
ombre,0.01383428927732149
beaded,0.013483997249264839
novelty,0.013483997249264839
trunks,0.013483997249264839
jogger,0.013483997249264839
straw,0.012309149097933273
body,0.011396057645963794
good,0.011396057645963794
adjustable,0.010660035817780519
hooded,0.01005037815259212
dress,0.0075377836144440895
way,0.006579516949597689
ocelot,0.0
brim,0.0
plicated,0.0
deer,0.0
xxxs,0.0
claus,0.0
owl,0.0
chalkboard,0.0
lion,0.0
schnauzer,0.0
wrapped,0.0
adhesive,0.0
skin,0.0
rope,0.0
month,0.0
self,0.0
creamy,0.0
french,0.0
munchkin,0.0
sporty,0.0
penguin,0.0
brushes,0.0
wealth,0.0
magnet,0.0
huahua,0.0
racerback,0.0
organza,0.0
cow,0.0
jumpsuit,0.0
festival,0.0
sheepdog,0.0
tactel,0.0
boyshorts,0.0
flamingo,0.0
shaded,0.0
toned,0.0
see,0.0
zip,0.0
snowman,0.0
feiyun,0.0
robes,0.0
robe,0.0
fox,0.0
napoleon,0.0
frise,0.0
hammer,0.0
baseball,0.0
calico,0.0
faux,0.0
funky,0.0
add,0.0
tree,0.0
groomsman,0.0
prosperity,0.0
horoscope,0.0
box,0.0
collie,0.0
items,0.0
pile,0.0
friendship,0.0
sleepshirts,0.0
santa,0.0
petals,0.0
pug,0.0
fibre,0.0
band,0.0
beagle,0.0
curved,0.0
fubao,0.0
elk,0.0
